dataset,taxa,sites,windows,taxa_sites,cpu_seconds,gpu_seconds
10000_NT_AL,152,1485,6,225720,1453.7961331597844,1271.1241770490867
10001_NT_AL,153,738,3,112914,727.245864697873,635.8661852176173
10006_NT_AL,157,1524,6,239268,1541.0548165376363,1347.418658489194
10009_NT_AL,157,2100,9,329700,2123.5007314494987,1856.6792538236925
1000_NT_AL,153,2739,11,419067,2699.0872945900733,2359.942386600344
100101267_NT_AL,82,3522,14,288804,1860.1016234320325,1626.3766916023587
10010_NT_AL,161,1314,6,211554,1362.5570935428186,1191.3494778993554
10011_NT_AL,152,708,3,107616,693.1230049004224,606.0309207749181
100125288_NT_AL,151,885,4,133635,860.7037314141759,752.5548440543802
100126572_NT_AL,101,633,3,63933,411.773649571613,360.03359033882356
100127206_NT_AL,157,585,3,91845,591.5466323323604,517.2177921366001
100127983_NT_AL,154,366,2,56364,363.02394670130286,317.40937052629243
100128327_NT_AL,157,555,3,87135,561.2109075973676,490.6938027962616
100128908_NT_AL,102,2202,9,224604,1446.608305388181,1264.8395120588918
100129480_NT_AL,160,654,3,104640,673.9554641761467,589.2718141343985
100129669_NT_AL,157,720,3,113040,728.0573936398282,636.5757441681232
100129792_NT_AL,154,807,4,124278,800.4380464151678,699.8616448489562
100129924_NT_AL,143,663,3,94809,610.6368845859738,533.9093217342144
100130274_NT_AL,149,1650,7,245850,1583.4475426959639,1384.4846665227626
100130301_NT_AL,148,504,2,74592,480.42513363749174,420.0588986994749
100130613_NT_AL,128,966,4,123648,796.3804017053917,696.3138500964269
100130742_NT_AL,152,1059,5,160968,1036.7475454654623,906.478453531975
100130771_NT_AL,92,387,2,35604,229.31489245534718,200.5010863000872
100130827_NT_AL,134,1161,5,155574,1002.0063779027126,876.1025727460332
100130890_NT_AL,155,456,2,70680,455.2290922015486,398.0287827123403
100130933_NT_AL,135,177,1,23895,153.90066720650827,134.5627866852203
100130958_NT_AL,132,660,3,87120,561.1142970090395,490.60933149262996
100130988_NT_AL,155,1338,6,207390,1335.737994222965,1167.900244011209
100131017_NT_AL,153,4260,17,651780,4197.923284028372,3670.447085402506
100131137_NT_AL,83,273,2,22659,145.93995472828084,127.60235126597225
100131187_NT_AL,151,342,2,51642,332.61093349564766,290.81780414304865
100131211_NT_AL,156,1245,5,194220,1250.9138976709787,1093.7344394226193
100131755_NT_AL,141,15114,60,2131074,13725.620860700667,12000.97326103449
100131897_NT_AL,159,1647,7,261873,1686.6469731479365,1474.7169130620923
100132146_NT_AL,122,234,1,28548,183.86927170585471,160.7657850717585
100132916_NT_AL,157,486,2,76302,491.43874070688406,429.68862731348315
100132963_NT_AL,128,285,2,36480,234.95695081370252,205.43421043217563
100133315_NT_AL,35,1134,5,39690,255.6316167158951,223.51106940934898
100133941_NT_AL,70,249,1,17430,112.26150363713911,98.15565481997865
10013_NT_AL,156,3867,16,603252,3885.368708669618,3397.1655238933886
10015_NT_AL,159,2685,11,426915,2749.6339544032844,2404.1377726604237
100169851_NT_AL,125,300,2,37500,241.5264708200067,211.1782590791279
100170765_NT_AL,155,501,2,77655,500.1530157740699,437.3079389010581
100188893_NT_AL,148,222,1,32856,211.61583267365708,185.0259434747687
10018_NT_AL,157,633,3,99381,640.083791908349,559.6561750811416
10020_NT_AL,162,2169,9,351378,2263.1223537011283,1978.7571818321549
10022_NT_AL,142,432,2,61344,395.09866202619975,345.4538433320006
10024_NT_AL,161,2988,12,481068,3098.4175003850396,2709.096073031411
10026_NT_AL,156,1206,5,188136,1211.7286430451409,1059.4728786696214
100271715_NT_AL,159,2706,11,430254,2771.1394713650975,2422.941084848829
100271849_NT_AL,14,1143,5,16002,103.06417562831327,90.11398671424546
100272147_NT_AL,149,210,1,31290,201.5296872522136,176.20713937562434
100287284_NT_AL,150,1023,4,153450,988.3263185954675,864.1414361517914
100287718_NT_AL,156,606,3,94536,608.878571878404,532.3719440081182
100288072_NT_AL,149,3141,13,468009,3014.3083221866805,2635.555356089695
100288814_NT_AL,85,627,3,53295,343.25742032939354,300.1265418032566
100303755_NT_AL,151,243,1,36693,236.32882116796017,206.63370294374508
100310846_NT_AL,151,1269,5,191619,1234.161621654903,1079.087115372891
100316904_NT_AL,155,984,4,152520,982.3364621191313,858.904215326629
100329135_NT_AL,140,378,2,52920,340.84215562119346,298.0147592124653
10036_NT_AL,157,2949,12,462993,2982.0017414497966,2607.3081521552713
100381270_NT_AL,125,2985,12,373125,2403.1883846590667,2101.2236778373226
10038_NT_AL,160,1689,7,270240,1740.5363593172963,1521.8350062278273
10040_NT_AL,160,1470,6,235200,1514.8540249830821,1324.5100409442903
100423062_NT_AL,20,354,2,7080,45.60019769081727,39.87045531413935
10042_NT_AL,161,1923,8,309603,1994.061865207641,1743.5046012180064
10046_NT_AL,150,2775,11,416250,2680.9438261020746,2344.07867577832
10047_NT_AL,108,438,2,47304,304.6711513511893,266.3887031327751
10048_NT_AL,153,1506,6,230418,1484.0545694241148,1297.58058934652
100499483_NT_AL,148,5169,21,765012,4927.217293198799,4308.1040622571145
10049_NT_AL,149,981,4,146169,941.431539021055,823.1390653689879
1004_NT_AL,143,2379,10,340197,2191.108821161435,1915.792272105122
100500938_NT_AL,90,204,1,18360,118.25136011347529,103.39287564514102
100505478_NT_AL,120,369,2,44280,285.1944567442639,249.35928832063422
100505741_NT_AL,148,1332,6,197136,1269.6949960419424,1110.1556608486123
100505753_NT_AL,141,3372,14,475452,3062.2464961150354,2677.4700169517205
100505876_NT_AL,128,240,1,30720,197.85848489574948,172.99722983762157
100505993_NT_AL,143,507,2,72501,466.9576176245682,408.28359897322275
100506013_NT_AL,151,162,1,24462,157.55254744530677,137.75580196249672
100506049_NT_AL,157,798,4,125286,806.9302779508096,705.5381164530031
100506374_NT_AL,28,489,2,13692,88.18614502580085,77.10540595497118
100506564_NT_AL,156,1665,7,259740,1672.9089474876944,1462.7050936856715
100506581_NT_AL,134,723,3,96882,623.9884678929037,545.5832558961085
100506658_NT_AL,157,1641,7,257637,1659.3641430041084,1450.862216916514
100507003_NT_AL,148,2055,9,304140,1958.8762889385823,1712.740152435359
100507027_NT_AL,141,138,1,19458,125.32325517908508,109.57617507097788
100507096_NT_AL,158,660,3,104280,671.6368100562746,587.2445028472389
100507290_NT_AL,138,3915,16,540270,3479.7201703980004,3042.4874142048116
100507341_NT_AL,154,285,2,43890,282.68258144773586,247.1630344262113
100507537_NT_AL,86,105,1,9030,58.159574173457614,50.851724786253996
100507588_NT_AL,139,903,4,125517,808.4180810110608,706.8389745289306
100507650_NT_AL,160,936,4,149760,964.5601138667788,843.3614954584052
100507747_NT_AL,107,699,3,74793,481.719715521087,421.190814168139
10050_NT_AL,127,1506,6,191262,1231.8622896526965,1077.0766983464575
10051_NT_AL,160,3912,16,625920,4031.3666297508958,3524.81855794154
10052_NT_AL,161,1197,5,192717,1241.2335167205129,1085.2704147987279
100533177_NT_AL,141,1017,4,143397,923.57790229804,807.5287684578587
10054_NT_AL,160,1941,8,310560,2000.2256207429675,1748.8938703897056
10056_NT_AL,161,1773,7,285453,1838.5188179995566,1607.505802371048
10057_NT_AL,156,4320,17,673920,4340.520512400504,3795.1267295628236
1005_NT_AL,158,2364,10,373512,2405.6809378379294,2103.403037471019
10060_NT_AL,159,4770,19,758430,4884.824567040471,4271.038054223546
100652824_NT_AL,154,3744,15,576576,3713.5564383870983,3246.94175751486
10069_NT_AL,157,879,4,138003,888.8367347352903,777.152887671917
10073_NT_AL,157,1098,5,172386,1110.287525300738,970.7780098563878
10075_NT_AL,155,13410,53,2078550,13387.329224611332,11705.1885442379
10078_NT_AL,145,1098,5,159210,1025.4247845134205,896.5784167463454
1007_NT_AL,150,2376,10,356400,2295.4675786733437,2007.0381742880315
10081_NT_AL,145,1542,7,223590,1440.077429617208,1259.1292519333922
100820829_NT_AL,142,1437,6,204054,1314.2517993788172,1149.1138260835298
10082_NT_AL,152,1683,7,255816,1647.635617581089,1440.6074006556316
10083_NT_AL,161,2622,11,422142,2718.892465197314,2377.2590038448325
10084_NT_AL,160,1389,6,222240,1431.3824766676878,1251.5268346065436
10085_NT_AL,156,1446,6,225576,1452.8686715118356,1270.3132525342228
100861412_NT_AL,147,927,4,136269,877.6685507245732,767.3880049720982
10086_NT_AL,160,1668,7,266880,1718.8955875318236,1502.9134342143375
100874261_NT_AL,11,549,3,6039,38.89542286085388,34.00814684210276
10087_NT_AL,158,1884,8,297672,1917.2178032515476,1676.316126309391
100885848_NT_AL,131,474,2,62094,399.9291914425999,349.67740851358315
1008_NT_AL,89,2373,10,211197,1360.2577615406121,1189.3390608729221
10090_NT_AL,154,1296,6,199584,1285.4618440570725,1123.9413776012977
10092_NT_AL,155,462,2,71610,461.2189486778848,403.2660035375026
10094_NT_AL,157,537,3,84309,543.0094727563719,474.7794091920585
10096_NT_AL,152,1464,6,222528,1433.2373999635854,1253.1486836362712
10098_NT_AL,158,804,4,127032,818.1757504321891,715.3705761957274
100996521_NT_AL,30,165,1,4950,31.881494148240886,27.875530198444885
100996939_NT_AL,141,360,2,50760,326.93023090196107,285.85089148950755
10099_NT_AL,154,768,3,118272,761.7551668486356,666.0393348748431
1009_NT_AL,150,2388,10,358200,2307.060849272704,2017.1747307238297
10100_NT_AL,158,696,3,109968,708.2715451502532,619.276021184361
10102_NT_AL,152,996,4,151392,975.0713458768655,852.5519732935288
10109_NT_AL,161,900,4,144900,933.2582832485059,815.9927930817503
1010_NT_AL,137,2391,10,327567,2109.762705789257,1844.6674344472717
10112_NT_AL,161,2763,11,444843,2865.102929572913,2505.0978747609734
10113_NT_AL,158,1290,6,203820,1312.7446742009004,1147.796073746876
10116_NT_AL,159,1893,8,300987,1938.5687432720363,1694.984284411986
10117_NT_AL,158,3738,15,590604,3803.9066605914463,3325.93932067118
10124_NT_AL,157,600,3,94200,606.7144946998568,530.4797868067693
10125_NT_AL,161,2409,10,387849,2498.021338161834,2184.1407094821516
10127_NT_AL,156,2073,9,323388,2082.8469958810756,1821.1337292554938
10128_NT_AL,158,4230,17,668340,4304.581373542487,3763.7034046118492
10129_NT_AL,156,9048,36,1411488,9090.97907319439,7948.6820946954695
1012_NT_AL,154,2124,9,327096,2106.7291333157577,1842.015035513238
10130_NT_AL,159,1329,6,211311,1360.992002011905,1189.9810427805226
10133_NT_AL,159,1800,8,286200,1843.330025298291,1611.7124732919042
10135_NT_AL,156,1482,6,231192,1489.0396757818398,1301.939308613913
10137_NT_AL,48,3168,13,152064,979.39950023396,856.3362876962268
10138_NT_AL,105,612,3,64260,413.87976039716347,361.8750647579936
10140_NT_AL,160,1173,5,187680,1208.7916811599696,1056.9049510392194
101410538_NT_AL,82,297,2,24354,156.85695120934514,137.14760857634883
10142_NT_AL,156,12891,51,2010996,12952.233779017339,11324.763581202398
10143_NT_AL,162,588,3,95256,613.5158801181482,536.4265665824375
10144_NT_AL,155,3114,13,482670,3108.7355112184705,2718.117608259271
10146_NT_AL,149,1425,6,212325,1367.522877782878,1195.6913029060222
10147_NT_AL,157,3537,14,555309,3576.581946255656,3127.178343225905
10149_NT_AL,156,3141,13,489996,3155.9201225578668,2759.3733929529694
10152_NT_AL,159,1653,7,262827,1692.7914065655973,1480.0892879730654
10157_NT_AL,157,2790,11,438030,2821.2224003543342,2466.731008651477
10159_NT_AL,155,1056,5,163680,1054.2147398351653,921.7508652285775
1015_NT_AL,160,2520,10,403200,2596.892614256712,2270.588641618783
10163_NT_AL,161,1551,7,249711,1608.3151081315918,1406.2275800775496
10165_NT_AL,159,2031,8,322929,2079.8907118782386,1818.5489073643653
10166_NT_AL,148,906,4,134088,863.6213711816815,755.1058774240561
10169_NT_AL,150,399,2,59850,385.4762474287307,337.04050149028814
1016_NT_AL,135,2373,10,320355,2063.3123349211533,1804.0536316611738
10170_NT_AL,161,978,4,157458,1014.1406677967097,886.7121684821686
10171_NT_AL,157,1119,5,175683,1131.522532615233,989.3448023946247
10174_NT_AL,161,2190,9,352590,2270.928489238031,1985.5824631655921
10175_NT_AL,159,438,2,69642,448.54363948925084,392.18336850103003
10178_NT_AL,147,8205,33,1206135,7768.360796866367,6792.253053717438
10179_NT_AL,159,840,4,133560,860.2206784725358,752.1324875362219
1017_NT_AL,159,1128,5,179352,1155.1534825202625,1010.0064832629266
10180_NT_AL,158,3498,14,552684,3559.6750932982554,3112.395865090366
10181_NT_AL,161,2475,10,398475,2566.4602789333912,2243.9801809748133
10189_NT_AL,151,795,4,120045,773.1745383890054,676.0238429641042
10190_NT_AL,160,687,3,109920,707.9623912676036,619.0057130127398
101928108_NT_AL,13,429,2,5577,35.91981674035139,31.406430690247902
101928147_NT_AL,160,768,3,122880,791.4339395829979,691.9889193504863
101928527_NT_AL,119,162,1,19278,124.16392811914905,108.56251942739807
101928601_NT_AL,155,1869,8,289695,1865.8402923787157,1631.3942870380788
101928603_NT_AL,153,645,3,98685,635.6010606099296,555.736706592633
101929926_NT_AL,43,474,2,20382,131.27446742009005,114.7796073746876
10196_NT_AL,158,1638,7,258804,1666.8804467760272,1457.4340843390564
10197_NT_AL,159,732,3,116388,749.6208769546384,655.4297391387076
10198_NT_AL,159,3699,15,588141,3788.043201987988,3312.069132614863
10199_NT_AL,154,2217,9,341418,2198.9729230513344,1922.6682362207384
1019_NT_AL,158,912,4,144096,928.0799557141249,811.4651312070937
10200_NT_AL,157,489,2,76773,494.4723131803833,432.341026247517
10201_NT_AL,155,564,3,87420,563.0465087755996,492.298757565263
10202_NT_AL,39,924,4,36036,232.09727739919364,202.93385984467875
10203_NT_AL,162,1416,6,229392,1477.4464051824793,1291.8027521781148
10204_NT_AL,149,381,2,56769,365.6324325861589,319.690095724347
10205_NT_AL,160,663,3,106080,683.230080655635,597.3810592830371
10206_NT_AL,161,1236,5,198996,1281.6747089946148,1120.630102498937
10207_NT_AL,156,5952,24,928512,5980.272705974028,5228.841271842112
10208_NT_AL,158,3459,14,546522,3519.987463613112,3077.695053558484
10209_NT_AL,141,360,2,50760,326.93023090196107,285.85089148950755
10210_NT_AL,160,3276,13,524160,3375.9603985337258,2951.765234104418
10213_NT_AL,161,930,4,149730,964.3668926901228,843.192552851142
102157402_NT_AL,154,519,3,79926,514.7798588469295,450.09689427089006
10217_NT_AL,151,756,3,114156,735.2452214114317,642.860409158318
10219_NT_AL,131,624,3,81744,526.4890621522834,460.3348162710462
1021_NT_AL,158,1029,5,162582,1047.1428447695555,915.5675658027407
10223_NT_AL,158,1110,5,175380,1129.5709987310074,987.6384820612653
10225_NT_AL,154,1902,8,292908,1886.5342803985739,1649.4880402759786
102288414_NT_AL,127,393,2,49911,321.4620716025961,281.06981570395607
10228_NT_AL,161,765,3,123165,793.26954076123,693.5938741194877
10229_NT_AL,160,687,3,109920,707.9623912676036,619.0057130127398
1022_NT_AL,158,1044,5,164952,1062.40731772538,928.9140317765415
10231_NT_AL,159,798,4,126882,817.2096445489091,714.5258631594108
10234_NT_AL,159,1341,6,213219,1373.2808688472269,1200.7257926024686
10236_NT_AL,160,1926,8,308160,1984.7679266104872,1735.3784618086415
10240_NT_AL,154,1203,5,185262,1193.2180543214956,1043.288176893797
10241_NT_AL,156,1824,8,284544,1832.6642163468796,1602.38684137097
10242_NT_AL,158,708,3,111864,720.4831235149128,629.9531939634018
10243_NT_AL,152,2418,10,367536,2367.1912794480527,2069.7496701041696
10244_NT_AL,160,1134,5,181440,1168.6016764155204,1021.7648887284524
10245_NT_AL,158,534,3,84372,543.4152372273495,475.13418866731143
10246_NT_AL,130,1452,6,188760,1215.7476435195858,1062.9868849006982
1024_NT_AL,154,1416,6,218064,1404.4860888771718,1228.010023675492
10250_NT_AL,154,2817,12,433818,2794.0941471518313,2443.0114665917094
10251_NT_AL,155,879,4,136245,877.5139737832484,767.2528508862875
10252_NT_AL,149,1011,4,150639,970.2214943427997,848.31151385122
10253_NT_AL,160,972,4,155520,1001.6585797847318,875.7984760529592
10254_NT_AL,160,1620,7,259200,1669.4309663078864,1459.664126754932
10257_NT_AL,149,3996,16,595404,3834.822048856407,3352.9701378333084
10260_NT_AL,159,5898,24,937782,6039.978049560734,5281.044537486473
10261_NT_AL,158,756,3,119448,769.329436973551,672.6618850795645
10262_NT_AL,155,1272,5,197160,1269.8495729832673,1110.2908149344228
10266_NT_AL,153,633,3,96849,623.7759245985822,545.3974190281189
10269_NT_AL,162,1443,6,233766,1505.618052738925,1316.4345843171043
10270_NT_AL,158,2289,9,361662,2329.358573058807,2036.6707076020148
102723796_NT_AL,83,1335,6,110805,713.6624159789558,623.9895199270071
102723899_NT_AL,28,390,2,10920,70.33250830278595,61.49510904384205
102724231_NT_AL,10,501,2,5010,32.267936501552896,28.21341541297149
10274_NT_AL,155,3786,15,586830,3779.599436568121,3304.686340677457
10276_NT_AL,159,1812,8,288108,1855.6188921336131,1622.4572231138502
10277_NT_AL,157,4302,17,675414,4350.1429269979735,3803.540071404536
10278_NT_AL,155,1731,7,268305,1728.073593422984,1510.9382080593443
10282_NT_AL,161,360,2,57960,373.30331329940236,326.3971172327001
10283_NT_AL,155,1437,6,222735,1434.5706260825118,1254.314387626388
10284_NT_AL,158,525,3,82950,534.2565534538548,467.12630908303095
10285_NT_AL,161,717,3,115437,743.495765654643,650.074258488461
10286_NT_AL,157,675,3,105975,682.5538065373389,596.7897601576154
10289_NT_AL,50,339,2,16950,109.16996481064302,95.45257310376581
1028_NT_AL,51,813,4,41463,267.050988256265,233.49557749861015
10293_NT_AL,162,1461,6,236682,1524.3991511098886,1332.8558057430973
10294_NT_AL,158,1242,5,196236,1263.8983607422622,1105.0873826307131
10299_NT_AL,159,2904,12,461736,2973.9057741479096,2600.2294569109386
102_NT_AL,158,2262,9,357396,2301.8825217383232,2012.6470688491731
10302_NT_AL,158,315,2,49770,320.5539320723129,280.27578544981856
10313_NT_AL,153,3279,13,501687,3231.2184151007123,2825.2103270034786
10314_NT_AL,159,1197,5,190323,1225.8144668233635,1071.7887947391164
1031_NT_AL,161,513,3,82593,531.9572214516484,465.1158920565976
10324_NT_AL,147,1818,8,267246,1721.2528858870269,1504.9745340229497
10325_NT_AL,124,1122,5,139128,896.0825288598904,783.4882354442908
10327_NT_AL,156,975,4,152100,979.6313656459472,856.5390188249428
10330_NT_AL,156,549,3,85644,551.6078151175641,482.2973552152755
10335_NT_AL,161,2742,11,441462,2843.3269029637813,2486.058042922399
1033_NT_AL,158,633,3,100014,644.1607587357906,563.2208640943973
10342_NT_AL,161,1236,5,198996,1281.6747089946148,1120.630102498937
10343_NT_AL,75,6321,25,474075,3053.3776441065247,2669.715551278335
10344_NT_AL,121,291,2,35211,226.7836950411535,198.28793814493793
10345_NT_AL,120,1008,4,120960,779.0677842770136,681.176592485635
10347_NT_AL,144,7098,28,1022112,6583.122777140765,5755.942206503615
10350_NT_AL,106,6021,24,638226,4110.62595641519,3594.1188154409465
10352_NT_AL,162,1089,5,176418,1136.2564514433052,993.4838962725756
10360_NT_AL,160,558,3,89280,575.0262217282719,502.77319921558774
10361_NT_AL,151,711,3,107361,691.4806248988464,604.59490861318
10363_NT_AL,160,1050,5,168000,1082.0385892736301,946.078600674493
10367_NT_AL,156,1464,6,228384,1470.9541736468377,1286.126280574068
1036_NT_AL,159,603,3,95877,617.5155584749275,539.9236785527879
10371_NT_AL,158,2325,10,367350,2365.9933081527856,2068.702225939137
10379_NT_AL,161,1347,6,216867,1396.7765639285972,1221.2692136456862
10380_NT_AL,157,972,4,152604,982.8774814137681,859.3772546269663
10389_NT_AL,146,2574,11,375804,2420.443035734448,2116.3102526659354
10393_NT_AL,159,564,3,89676,577.5767412601313,505.0032416314633
10395_NT_AL,143,4698,19,671814,4326.9563857992525,3783.2669585329395
10396_NT_AL,161,3477,14,559797,3605.4878342833945,3152.4521572724952
10399_NT_AL,153,963,4,147339,948.9671649106391,829.7278270522567
103_NT_AL,159,4176,17,663984,4276.525658692036,3739.1729380372176
10401_NT_AL,158,1935,8,305730,1969.1170113013507,1721.694110620314
10402_NT_AL,162,1011,4,163782,1054.8716918357957,922.3252700932727
10403_NT_AL,157,1953,8,306621,1974.855680248034,1726.711706056034
10404_NT_AL,157,1428,6,224196,1443.9804973856592,1262.541892600111
10406_NT_AL,150,411,2,61650,397.069518028091,347.17705792608626
10409_NT_AL,81,801,4,64881,417.8794387539428,365.37217672834396
1040_NT_AL,156,1401,6,218556,1407.6549161743303,1230.78068243461
10412_NT_AL,150,783,4,117450,756.460906608261,661.4103074358286
10413_NT_AL,158,1338,6,211404,1361.5909876595385,1190.5047648630389
10419_NT_AL,161,1914,8,308154,1984.729282375156,1735.344673287189
1041_NT_AL,157,2808,11,440856,2839.42383519533,2482.6454022556804
10420_NT_AL,157,1791,7,281187,1811.0427666790727,1583.4821636182064
10421_NT_AL,160,1077,5,172320,1109.862438712095,970.4063361204086
10424_NT_AL,142,678,3,96276,620.0854001244525,542.1706152293898
10425_NT_AL,158,1494,6,236052,1520.3415064001126,1329.308010990568
10427_NT_AL,154,3828,15,589512,3796.8734097611677,3319.7898097667958
10428_NT_AL,150,939,4,140850,907.1734243999451,793.1855411012044
10434_NT_AL,152,696,3,105792,681.3751573597373,595.7592102533093
10436_NT_AL,161,759,3,122199,787.0478188729066,688.1539221656094
10438_NT_AL,158,426,2,67308,433.5110319454136,379.03963365594507
1043_NT_AL,20,225,1,4500,28.983176498400805,25.34139108949535
10440_NT_AL,158,543,3,85794,552.5739210008442,483.142068251592
10443_NT_AL,137,3786,15,518682,3340.6782116763393,2920.916314018139
10447_NT_AL,160,684,3,109440,704.8708524411076,616.3026312965269
10449_NT_AL,159,1197,5,190323,1225.8144668233635,1071.7887947391164
1044_NT_AL,155,924,4,143220,922.4378973557696,806.5320070750053
10450_NT_AL,149,915,4,136335,878.0936373132164,767.7596787080774
10451_NT_AL,155,2547,10,394785,2542.6940742047027,2223.200240281427
10456_NT_AL,158,894,4,141252,909.7625881671356,795.4493720385327
10457_NT_AL,160,1743,7,278880,1796.1840581942258,1570.4904771196584
10460_NT_AL,149,3249,13,484101,3117.952161344962,2726.1761706257307
10461_NT_AL,157,2985,12,468645,3018.404611131788,2639.1369393636774
10463_NT_AL,156,1728,7,269568,1736.2082049602018,1518.0506918251294
10464_NT_AL,158,2277,9,359766,2317.1469946941475,2025.9935348229742
10465_NT_AL,159,531,3,84429,543.782357462996,475.4551796211117
10466_NT_AL,150,2493,10,373950,2408.501967017107,2105.8695995370636
1046_NT_AL,115,879,4,101085,651.0587547424101,569.2521151736972
10471_NT_AL,162,393,2,63666,410.0539810993746,358.53000113418017
10475_NT_AL,133,2073,9,275709,1775.7605798216862,1552.6332435319273
10477_NT_AL,157,618,3,97026,624.9159295408525,546.3941804109724
10478_NT_AL,159,924,4,146916,946.2427463197895,827.3457362898441
10479_NT_AL,155,2127,9,329685,2123.404120861171,1856.5947825200608
10480_NT_AL,160,1122,5,179520,1156.2355211095362,1010.9525618636011
10483_NT_AL,160,2307,10,369120,2377.39335757549,2078.669839767672
10484_NT_AL,155,2298,9,356190,2294.1150304367516,2005.8555760371885
10486_NT_AL,161,1440,6,231840,1493.2132531976094,1305.5884689308004
10487_NT_AL,162,1431,6,231822,1493.0973204916158,1305.4871033664424
10488_NT_AL,161,1188,5,191268,1231.9009338880278,1077.1104868679104
10489_NT_AL,160,2472,10,395520,2547.427993032775,2227.339334159378
10490_NT_AL,160,699,3,111840,720.328546573588,629.8180398775911
10492_NT_AL,160,1881,8,300960,1938.3948442130459,1694.832236065449
10497_NT_AL,104,3822,15,397488,2560.1033022214087,2238.4219691958506
10500_NT_AL,152,3039,12,461928,2975.142389678508,2601.310689597424
10505_NT_AL,156,2388,10,372528,2399.3432832436124,2097.861719952783
10512_NT_AL,157,2286,9,358902,2311.5822248064546,2021.127987733791
10513_NT_AL,160,1767,7,282720,1820.9163688061944,1592.115130849361
10514_NT_AL,161,5166,21,831726,5356.902545846424,4683.798632289247
10516_NT_AL,160,1359,6,217440,1400.4670884027269,1224.4960174444152
10521_NT_AL,155,1968,8,305040,1964.6729242382626,1717.808430653258
10525_NT_AL,161,3117,13,501837,3232.184520983992,2826.055040039795
10526_NT_AL,133,3237,13,430521,2772.859139837336,2424.4446740534727
10527_NT_AL,160,3114,13,498240,3209.017301902937,2805.798821428925
10528_NT_AL,158,1887,8,298146,1920.2706978427125,1678.9854195041512
10529_NT_AL,151,3102,13,468402,3016.839519600874,2637.7685042448447
10531_NT_AL,149,3066,12,456834,2942.3334338823183,2572.624234884115
10533_NT_AL,160,2091,9,334560,2154.8025620677718,1884.0479562003475
10534_NT_AL,159,627,3,99693,642.0932921455715,561.41317819668
105378220_NT_AL,72,2355,10,169560,1092.0860904597423,954.8636162521848
105378952_NT_AL,16,3948,16,63168,406.8465095668849,355.72555385360937
10537_NT_AL,109,495,2,53955,347.50828621582565,303.8432791630492
10539_NT_AL,155,975,4,151125,973.351677404627,851.0483840888854
10541_NT_AL,158,891,4,140778,906.7096935759707,792.7800788437725
10542_NT_AL,154,276,2,42504,273.7557630862284,239.35788597064672
10548_NT_AL,155,1836,8,284580,1832.8960817588668,1602.5895724996858
10549_NT_AL,156,825,4,128700,828.918847854263,724.763785159567
1054_NT_AL,152,462,2,70224,452.2921303163773,395.46085508193806
10551_NT_AL,158,537,3,84846,546.4681318185144,477.80348186207164
10552_NT_AL,159,1116,5,177444,1142.8646156849404,999.2617334409806
10553_NT_AL,157,807,4,126699,816.0309953713074,713.4953132551047
10555_NT_AL,150,1209,5,181350,1168.0220128855524,1021.2580609066625
10556_NT_AL,160,816,4,130560,840.8985608069354,735.2382268098917
10557_NT_AL,158,867,4,136986,882.2865368466516,771.4257332856911
10558_NT_AL,147,1419,6,208593,1343.486163406871,1174.6748425624673
10559_NT_AL,161,1011,4,162771,1048.3601381824883,916.6319042284994
10560_NT_AL,161,1542,7,248262,1598.9825252991068,1398.0676521467321
10562_NT_AL,159,1527,6,242793,1563.758304794717,1367.269414842632
10563_NT_AL,156,318,2,49608,319.5105377183705,279.3634953705967
10565_NT_AL,159,5562,22,884358,5695.88977817172,4980.191542471984
10566_NT_AL,159,2670,11,424530,2734.2728708591317,2390.7068353829914
10569_NT_AL,162,1782,7,288684,1859.3287387254084,1625.7009211733057
10574_NT_AL,162,1638,7,265356,1709.0799517576986,1494.3311497653617
10575_NT_AL,159,1626,7,258534,1665.141456186123,1455.9136008736868
10576_NT_AL,159,1605,7,255195,1643.6359392243096,1437.1102886852811
10577_NT_AL,162,450,2,72900,469.527459274093,410.5305356498246
10579_NT_AL,144,3822,15,550368,3544.758418460412,3099.3534958096393
10580_NT_AL,159,4044,16,642996,4141.348123503494,3620.980689995811
10584_NT_AL,161,834,4,134274,864.8193424769488,756.1533215890886
10590_NT_AL,149,831,4,123819,797.4817624123309,697.2768229578277
10592_NT_AL,158,3582,14,565956,3645.1561418508722,3187.136074543651
10598_NT_AL,162,1035,5,167670,1079.913156330414,944.2202319945967
10600_NT_AL,161,2553,10,411033,2647.342663481595,2314.6995563752316
10605_NT_AL,161,1509,6,242949,1564.7630549133282,1368.1479164004013
1060_NT_AL,154,3393,14,522522,3365.4105222883077,2942.540967747842
10611_NT_AL,152,2235,9,339720,2188.036604452605,1913.1060846496355
10613_NT_AL,160,1050,5,168000,1082.0385892736301,946.078600674493
10614_NT_AL,156,1485,6,231660,1492.0539261376734,1304.5748132872206
10615_NT_AL,161,5112,20,823032,5300.9070488515135,4634.839064704342
10620_NT_AL,159,1866,8,296694,1910.918792892562,1670.8085973126074
10621_NT_AL,160,951,4,152160,980.0178079992592,856.8769040394694
10622_NT_AL,159,720,3,114480,737.3320101193165,644.6849893167616
10623_NT_AL,160,1611,7,257760,1660.156349828398,1451.5548816062935
10625_NT_AL,160,1929,8,308640,1987.859465436983,1738.0815435248544
10628_NT_AL,158,1200,5,189600,1221.1578364659538,1067.7172779040707
1062_NT_AL,154,11283,45,1737582,11191.254619209836,9785.054447126113
10630_NT_AL,150,642,3,96300,620.2399770657772,542.3057693152005
10632_NT_AL,160,315,2,50400,324.611576782089,283.8235802023479
10635_NT_AL,156,1242,5,193752,1247.899647315145,1091.0989347493116
1063_NT_AL,155,12933,51,2004615,12911.135634742606,11288.829488637493
10640_NT_AL,160,2121,9,339360,2185.7179503327325,1911.0787733624759
10643_NT_AL,156,1773,7,276588,1781.421960297707,1557.5832619247421
10650_NT_AL,151,450,2,67950,437.6459651258522,382.65500545137974
10651_NT_AL,158,789,4,124662,802.9112774763647,702.0241102219264
10652_NT_AL,161,594,3,95634,615.9504669440139,538.5552434339552
10655_NT_AL,157,1815,8,284955,1835.3113464670669,1604.7013550904771
10657_NT_AL,162,1443,6,233766,1505.618052738925,1316.4345843171043
10658_NT_AL,162,1545,7,250290,1612.0442768410528,1409.4881723977312
10659_NT_AL,153,1503,6,229959,1481.098285421278,1294.9957674553914
10664_NT_AL,161,2193,9,353073,2274.0393501821927,1988.3024391425313
10666_NT_AL,157,1065,5,167205,1076.918228092246,941.6016215820155
10667_NT_AL,153,1374,6,210222,1353.978073299292,1183.8484261368646
10668_NT_AL,162,1008,4,163296,1051.7415087739685,919.5883998556072
10671_NT_AL,158,585,3,92430,595.3144452771526,520.5121729782345
10672_NT_AL,158,1131,5,178698,1150.9412608691616,1006.3235344245866
10675_NT_AL,154,1635,7,251790,1621.705335673853,1417.9353027608963
10678_NT_AL,159,1194,5,189846,1222.7422501145331,1069.1026072836298
10683_NT_AL,157,1959,8,307563,1980.9228251950326,1732.0165039241017
10686_NT_AL,162,717,3,116154,748.1137517767215,654.1119868020539
10687_NT_AL,142,1131,5,160602,1034.390247110259,904.4173537233627
10690_NT_AL,161,1080,5,173880,1119.909939898207,979.1913516981002
10692_NT_AL,156,1023,4,159588,1027.859371339286,898.707093597863
10693_NT_AL,152,1602,7,243504,1568.3376466814643,1371.2733546347722
10694_NT_AL,161,2043,8,328923,2118.4963029741084,1852.303640295573
10699_NT_AL,157,3126,13,490782,3160.982517386254,2763.799689263268
1069_NT_AL,150,522,3,78300,504.307271072174,440.94020495721907
1070_NT_AL,157,519,3,81483,524.8080379153762,458.86501558785545
10713_NT_AL,157,1722,7,270354,1741.2705997885892,1522.476988135428
10714_NT_AL,157,1470,6,230790,1486.4505120146493,1299.6754776765847
10717_NT_AL,161,2265,9,364665,2348.700012842073,2053.5818625890715
10718_NT_AL,142,2028,8,287976,1854.7687189563267,1621.7138756418917
10725_NT_AL,161,4860,19,782460,5039.594729541932,4406.3610826414515
10732_NT_AL,140,1002,4,140280,903.5022220434811,789.9756315632017
10734_NT_AL,158,3780,15,597240,3846.6471848677547,3363.3094253978225
10735_NT_AL,154,3813,15,587202,3781.9953791586554,3306.7812290075217
1073_NT_AL,155,507,2,78585,506.14287225040607,442.54515972622045
10745_NT_AL,162,2355,10,381510,2457.1937035344204,2148.443136567416
10747_NT_AL,153,2193,9,335529,2161.0436060737607,1889.504802414952
10752_NT_AL,157,3738,15,586866,3779.831301980108,3304.8890718061725
10753_NT_AL,141,2169,9,305829,1969.7546411843155,1722.2516212242829
10758_NT_AL,162,1758,7,284796,1834.2872742307902,1603.8059592719817
1075_NT_AL,159,1422,6,226098,1456.23071998565,1273.2528539006044
10761_NT_AL,150,615,3,92250,594.1551182172165,519.4985173346546
10762_NT_AL,159,1506,6,239454,1542.2527878329036,1348.4661026542265
10763_NT_AL,147,9828,39,1444716,9304.990848458581,8135.802926500302
10765_NT_AL,162,4587,18,743094,4786.049901533922,4184.674593390546
10768_NT_AL,161,1704,7,274344,1766.9690162838378,1544.9463549014472
10769_NT_AL,156,2085,9,325260,2094.90399730441,1831.6757479487237
10771_NT_AL,157,1857,8,291549,1877.781361096057,1641.834940166951
10773_NT_AL,152,1281,6,194712,1254.0827249681372,1096.5050981817374
10776_NT_AL,159,339,2,53901,347.16048809784485,303.5391824699753
10777_NT_AL,160,2622,11,419520,2702.004934357579,2362.4934199700197
10782_NT_AL,137,1989,8,272493,1755.0472696841623,1534.5225960333014
10788_NT_AL,156,4806,19,749736,4828.829070045561,4222.078486638641
10797_NT_AL,158,1056,5,166848,1074.6188960900395,939.5912045555822
107983988_NT_AL,18,5061,20,91098,586.7354250336259,513.0111212157439
107984640_NT_AL,25,330,2,8250,53.13582358040148,46.45921699740814
107986096_NT_AL,119,573,3,68187,439.1724124214346,383.98965204875987
10799_NT_AL,161,1098,5,176778,1138.5751055631772,995.5112075597352
10800_NT_AL,145,1032,5,149640,963.7872291601548,842.6857250293519
10802_NT_AL,158,3447,14,544626,3507.7758852484526,3067.017880779443
10808_NT_AL,160,2808,11,449280,2893.6803416003363,2530.0844863752154
1080_NT_AL,149,4494,18,669606,4312.735307197371,3770.8327826383606
10813_NT_AL,156,2418,10,377208,2429.485786801949,2124.216766685858
10816_NT_AL,10,243,1,2430,15.650915309136435,13.684351188327488
1081_NT_AL,160,360,2,57600,370.9846591795303,324.36980594554046
10825_NT_AL,160,1275,5,204000,1313.9040012608364,1148.809729390456
10827_NT_AL,153,1548,7,236844,1525.442545463831,1333.768095822319
10842_NT_AL,159,477,2,75843,488.48245670404714,427.1038054223546
10845_NT_AL,157,1923,8,301911,1944.5199555130412,1700.1877167156956
10846_NT_AL,153,2262,9,346086,2229.038138139009,1948.9557059109084
10847_NT_AL,154,10371,41,1597134,10286.670358577083,8994.132736962236
10849_NT_AL,153,2076,9,317628,2045.7485299631223,1788.6967486609396
10855_NT_AL,155,1608,7,249240,1605.2815356580925,1403.5751811435157
10869_NT_AL,161,4161,17,669921,4314.764129552259,3772.606680014625
10870_NT_AL,142,267,2,37914,244.1929230578596,213.50966705936148
10874_NT_AL,129,513,3,66177,426.22659358548225,372.6704973621186
10886_NT_AL,160,1266,5,202560,1304.629384781348,1140.7004842418173
10892_NT_AL,156,2466,10,384696,2477.713792495288,2166.3848414587783
10894_NT_AL,161,1005,4,161805,1042.138416294165,911.191952274621
10899_NT_AL,155,438,2,67890,437.25952277254015,382.31712023685316
10902_NT_AL,130,2826,12,367380,2366.186529329442,2068.8711685464004
10903_NT_AL,158,2106,9,332748,2143.132002997749,1873.843822721644
10905_NT_AL,156,1929,8,300924,1938.1629788010587,1694.629504936733
10906_NT_AL,160,1797,8,287520,1851.8317570711554,1619.1459480114895
10910_NT_AL,156,1035,5,161460,1039.9163727626208,909.2491122910931
10911_NT_AL,134,447,2,59898,385.7854013113803,337.31080966190945
10914_NT_AL,156,2232,9,348192,2242.6022647402606,1960.815476940792
10916_NT_AL,106,1875,8,198750,1280.0902953460354,1119.244773119378
10921_NT_AL,158,918,4,145044,934.1857448964547,816.8037175966141
10923_NT_AL,161,384,2,61824,398.19020085269585,348.15692504821345
10924_NT_AL,158,1359,6,214722,1382.9612497976927,1209.18981722636
10926_NT_AL,158,2133,9,337014,2170.608054318233,1897.8674614744857
10928_NT_AL,157,1983,8,311331,2005.1914049830268,1753.2356953963724
10933_NT_AL,153,1089,5,166617,1073.1310930297882,938.2903464796548
10939_NT_AL,155,2439,10,378045,2434.8766576306516,2128.9302654285043
10940_NT_AL,159,3282,13,521838,3361.005079460551,2938.6890763022384
10943_NT_AL,153,1575,7,240975,1552.049101489363,1357.031492842476
10944_NT_AL,139,546,3,75894,488.81093270436236,427.3910078547022
10946_NT_AL,158,1527,6,241266,1553.9233469029264,1358.6702361329299
10947_NT_AL,160,1254,5,200640,1292.263229475364,1129.8881573769659
10950_NT_AL,154,771,4,118734,764.730772969138,668.6410510266979
10952_NT_AL,157,288,2,45216,291.2229574559313,254.63029766724927
10953_NT_AL,158,936,4,147888,952.503112443444,832.8194767651752
10955_NT_AL,161,1431,6,230391,1483.8806703651244,1297.428540999983
10956_NT_AL,160,2127,9,340320,2191.901027985725,1916.4849367949016
10957_NT_AL,152,1026,5,155952,1004.4409647285783,878.2312495975508
10959_NT_AL,159,627,3,99693,642.0932921455715,561.41317819668
10962_NT_AL,150,282,2,42300,272.4418590849676,238.20907624125627
10963_NT_AL,160,1626,7,260160,1675.6140439608785,1465.0702901873578
109703458_NT_AL,102,507,2,51714,333.07466431962206,291.22326640048055
10971_NT_AL,159,735,3,116865,752.6930936634689,658.1159265941942
10972_NT_AL,162,669,3,108378,698.030822787485,610.322062999406
10973_NT_AL,153,6651,26,1017603,6554.081634289368,5730.550132631941
10978_NT_AL,160,1275,5,204000,1313.9040012608364,1148.809729390456
10979_NT_AL,160,2103,9,336480,2167.168717373756,1894.860283065199
10981_NT_AL,151,693,3,104643,673.9747862938123,589.2887083951248
10982_NT_AL,157,990,4,155430,1001.0789162547638,875.2916482311693
10983_NT_AL,157,1158,5,181806,1170.9589747707237,1023.8259885370647
10988_NT_AL,160,1476,6,236160,1521.0371026360742,1329.916204376716
10989_NT_AL,159,2310,10,367290,2365.606865799474,2068.3643407246104
11001_NT_AL,149,1860,8,277140,1784.9772299481776,1560.691805898387
11005_NT_AL,155,4911,20,761205,4902.697525881152,4286.665245395401
11009_NT_AL,152,534,3,81168,522.7792155604881,457.09111821159075
11010_NT_AL,155,807,4,125085,805.6356960672143,704.4062009843391
110117498_NT_AL,91,363,2,33033,212.7558376159275,186.0227048576222
11011_NT_AL,159,2250,9,357750,2304.1625316228638,2014.6405916148801
11019_NT_AL,162,1104,5,178848,1151.9073667524415,1007.1682474609031
11022_NT_AL,159,1731,7,275229,1772.66904099519,1549.9301618157144
1102_NT_AL,156,1611,7,251316,1618.652441082688,1415.2660095661363
11030_NT_AL,154,534,3,82236,529.6578894494419,463.1054750301643
11031_NT_AL,150,609,3,91350,588.3584829175363,514.4302391167556
11034_NT_AL,155,510,2,79050,509.13780048857416,445.1637701388016
11035_NT_AL,143,1464,6,209352,1348.3746591762679,1178.949090526229
11036_NT_AL,139,1497,6,208083,1340.2014034037188,1171.8028182389912
11043_NT_AL,154,2154,9,331716,2136.4851945207824,1868.0321970317864
11044_NT_AL,157,1650,7,259050,1668.4648604246063,1458.8194137186156
11046_NT_AL,154,978,4,150612,970.0475952838093,848.159465504683
11051_NT_AL,160,690,3,110400,711.0539300940998,621.7087947289525
11052_NT_AL,158,1779,7,281082,1810.3664925607766,1582.8908644927849
11054_NT_AL,157,1950,8,306150,1971.8221077745347,1724.0593071220003
11055_NT_AL,154,1098,5,169092,1089.0718401039087,952.2281115788772
11056_NT_AL,162,1827,8,295974,1906.2814846528177,1666.753974738288
11061_NT_AL,160,1044,5,167040,1075.8555116206378,940.6724372420673
11062_NT_AL,149,948,4,141252,909.7625881671356,795.4493720385327
11063_NT_AL,150,2505,10,375750,2420.0952376164673,2116.0061559728615
11064_NT_AL,161,7299,29,1175139,7568.724677145383,6617.701551892995
11066_NT_AL,144,753,3,108432,698.3786209054658,610.62615969248
11069_NT_AL,154,3045,12,468930,3020.2402123100196,2640.7418941326787
1106_NT_AL,159,5571,22,885789,5705.1064282982115,4988.250104838444
11073_NT_AL,158,4734,19,747972,4817.467664858188,4212.144661331559
11075_NT_AL,159,540,3,85860,552.9990075894873,483.5137419875713
11077_NT_AL,157,987,4,154959,998.0453437812645,872.6392492971355
1107_NT_AL,156,6861,27,1070316,6893.590563791635,6027.399187854289
110806290_NT_AL,15,240,1,3600,23.186541198720644,20.27311287159628
11081_NT_AL,162,1062,5,172044,1108.0848038868596,968.8520641335862
11082_NT_AL,157,567,3,89019,573.3451974913647,501.303398532397
11083_NT_AL,159,7836,31,1245924,8024.630043465228,7016.321633730756
1108_NT_AL,160,5910,24,945600,6090.331488197289,5325.070980939289
11091_NT_AL,149,1005,4,149745,964.4635032784507,843.2770241547736
11093_NT_AL,156,4653,19,725868,4675.102301898043,4087.6677482999576
11096_NT_AL,154,2895,12,445830,2871.4599062848956,2510.656086539936
11097_NT_AL,159,1374,6,218466,1407.0752526443623,1230.2738546128203
11098_NT_AL,161,1179,5,189819,1222.5683510555427,1068.9505589370929
11099_NT_AL,157,3648,15,572736,3688.8241277751295,3225.3171037851575
11101_NT_AL,159,1725,7,274275,1766.524607577529,1544.5577869047415
11104_NT_AL,159,1488,6,236592,1523.8194875799206,1332.3489779213076
111064647_NT_AL,71,2301,9,163371,1052.2245617156084,920.0107563737655
111064649_NT_AL,88,396,2,34848,224.44571880361582,196.24373259705197
11107_NT_AL,156,1935,8,301860,1944.191479512726,1699.900514283348
11113_NT_AL,158,6345,25,1002510,6456.872060313731,5645.555106917774
11116_NT_AL,152,1269,5,192888,1242.334877427452,1086.2333876601285
11123_NT_AL,158,741,3,117078,754.0649640177265,659.3154191057637
11126_NT_AL,127,570,3,72390,466.24269927094093,407.6585113263485
11127_NT_AL,153,2178,9,333234,2146.2621860595764,1876.5806929593095
11128_NT_AL,153,4197,17,642141,4135.841319968798,3616.165825688807
1112_NT_AL,158,1512,6,238896,1538.658873947102,1345.323770159129
11130_NT_AL,151,807,4,121857,784.8450974590282,686.2279764428077
11135_NT_AL,158,1530,6,241740,1556.9762414940913,1361.3395293276901
11137_NT_AL,158,1536,6,242688,1563.082030676421,1366.6781157172104
11138_NT_AL,160,3534,14,565440,3641.832737612389,3184.230261698722
11141_NT_AL,145,2028,8,294060,1893.9539735821645,1655.9754363948894
11143_NT_AL,161,1821,8,293181,1888.2925931061436,1651.0254180020747
11144_NT_AL,158,1023,4,161634,1041.0370555872257,910.2289794132203
11145_NT_AL,46,546,3,25116,161.7647690964077,141.43875080083671
11146_NT_AL,160,1812,8,289920,1867.2894512036357,1632.6613565925536
11149_NT_AL,159,1092,5,173628,1118.2868820142967,977.7722337970886
11155_NT_AL,159,2634,11,418806,2697.406270353166,2358.472585917153
11160_NT_AL,159,1023,4,162657,1047.6258977111954,915.9899223208989
11162_NT_AL,154,846,4,130284,839.1209259817001,733.6839548230694
11163_NT_AL,158,546,3,86268,555.626815592009,485.8113614463522
11164_NT_AL,161,663,3,106743,687.5002686597327,601.114690903556
11167_NT_AL,160,924,4,147840,952.1939585607944,832.5491685935539
11168_NT_AL,159,1641,7,260919,1680.5025397302754,1469.3445381511192
11169_NT_AL,161,3474,14,559314,3602.376973339233,3149.732181295556
11171_NT_AL,157,1056,5,165792,1067.817510671748,933.644424779914
11174_NT_AL,152,3381,14,513912,3309.9560445880343,2894.0544394632743
11179_NT_AL,155,1368,6,212040,1365.6872766046458,1194.0863481370209
11183_NT_AL,160,2559,10,409440,2637.082619001161,2305.72870392955
11188_NT_AL,153,5592,22,855576,5510.5133812879485,4818.108005063572
11193_NT_AL,157,1344,6,211008,1359.0404681276793,1188.2747224471632
11199_NT_AL,151,957,4,144507,930.7270858343122,813.779644926601
1119_NT_AL,153,1041,5,159273,1025.830548984398,896.9331962215983
11200_NT_AL,160,1761,7,281760,1814.7332911532023,1586.7089674169354
11201_NT_AL,159,2175,9,345825,2227.357113902102,1947.4859052277175
11212_NT_AL,162,837,4,135594,873.321074249813,763.5867963086738
11213_NT_AL,161,1812,8,291732,1878.9600102736586,1642.8654900712572
11214_NT_AL,155,8703,34,1348965,8688.28681892561,7596.58880689802
11215_NT_AL,161,5922,24,953442,6140.839503775169,5369.232578477917
11216_NT_AL,152,2001,8,304152,1958.9535774092449,1712.8077294782643
11222_NT_AL,158,1050,5,165900,1068.5131069077097,934.2526181660619
11227_NT_AL,158,2844,12,449352,2894.1440724243107,2530.4899486326476
11228_NT_AL,153,1257,5,192321,1238.6829971886536,1083.0403723828522
1122_NT_AL,150,2007,8,301050,1938.9745077430139,1695.3390638872388
11232_NT_AL,160,1455,6,232800,1499.3963308506015,1310.994632363226
11234_NT_AL,157,3444,14,540708,3482.5411995771783,3044.953976270856
11235_NT_AL,159,636,3,101124,651.3099422720629,569.4717405631395
11238_NT_AL,146,957,4,139722,899.9083081576794,786.8332990681042
1123_NT_AL,158,1362,6,215196,1386.0141443888576,1211.8591104211202
112441434_NT_AL,75,762,3,57150,368.08634152969023,321.8356668365909
11244_NT_AL,161,2700,11,434700,2799.7748497455177,2447.978379245251
112476_NT_AL,155,1161,5,179955,1159.0372281710481,1013.402229668919
112479_NT_AL,153,2241,9,342873,2208.344150119151,1930.8619526730085
112483_NT_AL,157,513,3,80541,518.7408929683776,453.5602177197878
112487_NT_AL,157,507,2,79599,512.6737480213791,448.25541985172003
112495_NT_AL,157,624,3,97968,630.9830744878511,551.69897827904
1124_NT_AL,156,1422,6,221832,1428.754668665166,1249.2292151477627
11258_NT_AL,161,585,3,94185,606.6178841115288,530.3953155031377
11259_NT_AL,154,3435,14,528990,3407.0690079753426,2978.96499387381
11260_NT_AL,162,2886,12,467532,3011.23610547785,2632.8691686342086
112611_NT_AL,158,876,4,138408,891.4452206201463,779.4336128699716
11261_NT_AL,160,588,3,94080,605.9416099932329,529.804016377716
11266_NT_AL,157,1038,5,162966,1049.6160758307524,917.7300311757109
11273_NT_AL,155,3384,14,524520,3378.279052653598,2953.7925453915777
112752_NT_AL,158,645,3,101910,656.3723371004502,573.898036873438
11275_NT_AL,161,1773,7,285453,1838.5188179995566,1607.505802371048
11276_NT_AL,160,4371,18,699360,4504.372070204797,3938.390060522104
112770_NT_AL,160,1248,5,199680,1286.0801518223716,1124.4819939445404
11278_NT_AL,158,1215,5,191970,1236.4223094217782,1081.0637438778715
11279_NT_AL,144,1098,5,158112,1018.3528894478106,890.3951173205086
11281_NT_AL,141,2235,9,315135,2029.6918501830082,1774.6576179973592
112840_NT_AL,154,1179,5,181566,1169.4132053574756,1022.4744476789583
112849_NT_AL,158,1071,5,169218,1089.883369045864,952.9376705293831
112970_NT_AL,149,1116,5,166284,1070.9863379689066,936.4150835390321
1129_NT_AL,162,1404,6,227448,1464.9256729351703,1280.855271227453
113115_NT_AL,160,1170,5,187200,1205.7001423334734,1054.2018693230066
11311_NT_AL,157,1716,7,269412,1735.2034548415907,1517.1721902673603
11314_NT_AL,36,1146,5,41256,265.7177621373386,232.32987350849336
11315_NT_AL,157,567,3,89019,573.3451974913647,501.303398532397
113174_NT_AL,158,1446,6,228468,1471.4951929414744,1286.5993198744052
11319_NT_AL,158,2043,8,322794,2079.0212165832863,1817.7886656316803
113201_NT_AL,154,1335,6,205590,1324.1447236236047,1157.7636875754108
11320_NT_AL,158,1614,7,255012,1642.457290046708,1436.079738780975
113251_NT_AL,160,2241,9,358560,2309.379503392576,2019.2020420109893
11325_NT_AL,159,2976,12,473184,3047.6389751598413,2664.697955842615
113263_NT_AL,154,1350,6,207900,1339.022754226117,1170.7722683346851
11326_NT_AL,149,1320,6,196680,1266.7580341567711,1107.5877332182101
11329_NT_AL,160,1395,6,223200,1437.56555432068,1256.9329980389693
11333_NT_AL,157,540,3,84780,546.0430452298712,477.4318081260924
11335_NT_AL,154,558,3,85932,553.4627384134618,483.9192042450032
11339_NT_AL,160,708,3,113280,729.6031630530763,637.9272850262296
11340_NT_AL,159,831,4,132129,851.0040283460444,744.0739251697624
113455421_NT_AL,76,2280,9,173280,1116.045516365087,975.8124995528342
11346_NT_AL,153,3024,12,462672,2979.9342748595773,2605.500466257554
113510_NT_AL,159,3261,13,518499,3339.4995624987373,2919.885764113833
113523636_NT_AL,72,246,1,17712,114.07778269770557,99.74371532825369
113540_NT_AL,35,456,2,15960,102.79366598099486,89.87746706407684
113612_NT_AL,149,1599,7,238251,1534.5046186489978,1341.691504102968
113802_NT_AL,160,1149,5,183840,1184.059370548001,1035.2802973095168
1138_NT_AL,143,1128,5,161304,1038.9116226440096,908.3706107333239
114112_NT_AL,148,1713,7,253524,1632.87351968457,1427.7001854607154
114294_NT_AL,153,1704,7,260712,1679.169313611349,1468.1788341610024
1142_NT_AL,157,1356,6,212892,1371.1747580216766,1198.8843181832985
114327_NT_AL,160,1932,8,309120,1990.9510042634793,1740.7846252410673
114548_NT_AL,147,3204,13,470988,3033.4951850286216,2652.331356990941
114569_NT_AL,151,543,3,81993,528.0927979185283,461.7370399113316
114625_NT_AL,156,1707,7,266292,1715.108452469366,1499.6021591119768
114780_NT_AL,148,7539,30,1115772,7186.359290660814,6283.381026379645
114781_NT_AL,155,1857,8,287835,1853.8605794260434,1620.919845387754
114783_NT_AL,146,4950,20,722700,4654.6981456431695,4069.827408972953
114785_NT_AL,159,3174,13,504666,3250.4052779426534,2841.9863279047245
114786_NT_AL,137,2007,8,274959,1770.930050405286,1548.4096783503448
114787_NT_AL,145,3201,13,464145,2989.421434633387,2613.795548274182
114788_NT_AL,138,11127,44,1535526,9889.87135019631,8647.192198686318
114790_NT_AL,160,3375,14,540000,3477.9811798080964,3040.966930739442
114792_NT_AL,159,1860,8,295740,1904.7743594749008,1665.4362224016343
114799_NT_AL,158,2634,11,416172,2680.4414510427687,2343.639424999435
114800_NT_AL,154,1827,8,281358,1812.1441273860119,1584.445136479607
114801_NT_AL,156,1497,6,233532,1504.110927561008,1315.1168319804506
114803_NT_AL,161,2559,10,411999,2653.5643853699185,2320.13950832911
114815_NT_AL,143,3552,14,507936,3271.466386198158,2860.4010720964243
114825_NT_AL,160,2385,10,381600,2457.7733670643884,2148.9499643892054
114827_NT_AL,152,4854,19,737808,4752.0043302071335,4154.906905990752
114836_NT_AL,146,1017,4,148482,956.328891741233,836.1645403889885
114876_NT_AL,153,3018,12,461754,2974.021706853903,2600.330822475297
114880_NT_AL,162,2889,12,468018,3014.366288539677,2635.6060388718743
114882_NT_AL,161,2691,11,433251,2790.4422669130327,2439.8184513144333
114883_NT_AL,160,2313,10,370080,2383.5764352284823,2084.0760032000976
114885_NT_AL,154,2322,10,357588,2303.1191372689213,2013.7283015356584
114899_NT_AL,161,963,4,155043,998.5863630759013,873.1122885974728
114908_NT_AL,106,840,4,89040,573.480452315024,501.4216583574813
114960_NT_AL,161,780,4,125580,808.8238454820385,707.1937540041836
115004_NT_AL,152,2064,9,313728,2020.6297769978416,1766.7342097167104
115106_NT_AL,159,840,4,133560,860.2206784725358,752.1324875362219
115111_NT_AL,161,1995,8,321195,2068.7225278675214,1808.7840246645462
115265_NT_AL,150,582,3,87300,562.2736240689756,491.62298713620976
115286_NT_AL,155,855,4,132525,853.5545478779037,746.303967585638
115294_NT_AL,157,1080,5,169560,1092.0860904597423,954.8636162521848
115353_NT_AL,162,1302,6,210924,1358.4994488330426,1187.801683146826
1153_NT_AL,149,534,3,79566,512.4612047270574,448.0695829837304
115416_NT_AL,156,765,3,119340,768.6338407375894,672.0536916934167
115426_NT_AL,156,2451,10,382356,2462.6425407161196,2153.2073180922407
115548_NT_AL,157,2445,10,383865,2472.3615659019165,2161.7051312375847
115557_NT_AL,160,1920,8,307200,1978.5848489574948,1729.9722983762158
115677_NT_AL,161,1665,7,268065,1726.527824009736,1509.586667201238
115703_NT_AL,159,3921,16,623439,4015.3872384414444,3510.8470043208645
115752_NT_AL,157,3177,13,498789,3212.553249435742,2808.8904711418436
115795_NT_AL,161,543,3,87423,563.0658308932652,492.3156518259893
115825_NT_AL,160,1200,5,192000,1236.6155305984344,1081.2326864851348
115827_NT_AL,138,690,3,95220,613.284014706161,536.2238354537216
115908_NT_AL,155,759,3,117645,757.7168442565251,662.50843438304
116071_NT_AL,158,882,4,139356,897.5510098024761,784.7721992594919
116092_NT_AL,161,999,4,160839,1035.9166944058416,905.7520003207427
1160_NT_AL,160,1281,6,204960,1320.0870789138287,1154.2158928228814
116115_NT_AL,160,2220,9,355200,2287.7387316071035,2000.2804699974995
116135_NT_AL,160,780,4,124800,803.8000948889824,702.8012462153376
116143_NT_AL,161,1110,5,178710,1151.018549339824,1006.3911114674919
116150_NT_AL,157,927,4,145539,937.3738943112788,819.5912706164586
116151_NT_AL,152,603,3,91656,590.3293389194275,516.1534537108413
1161_NT_AL,158,1233,5,194814,1254.7396769687675,1097.0795030464326
116224_NT_AL,150,891,4,133650,860.8003420025038,752.6393153580118
116254_NT_AL,156,1044,5,162864,1048.9591238301218,917.1556263110157
116328_NT_AL,147,1362,6,200214,1289.5194887668486,1127.4891723538271
116362_NT_AL,136,423,2,57528,370.5209283555559,323.96434368810856
116369_NT_AL,160,3063,12,490080,3156.4611418525037,2759.846432253307
1163_NT_AL,157,240,1,37680,242.68579787994273,212.1919147227077
116442_NT_AL,153,639,3,97767,629.6884926042559,550.567062810376
116443_NT_AL,156,3402,14,530712,3418.159903515397,2988.6622995307234
116449_NT_AL,150,1362,6,204300,1315.8362130273965,1150.4991554630888
116461_NT_AL,152,504,2,76608,493.40959670877527,431.4118419075688
116496_NT_AL,154,3039,12,468006,3014.289000069015,2635.538461828969
116841_NT_AL,153,1266,5,193698,1247.5518491971643,1090.7948380562377
116842_NT_AL,159,231,1,36729,236.56068657994737,206.83643407246103
116984_NT_AL,152,5196,21,789792,5086.81798511666,4447.6506558566025
117143_NT_AL,156,1005,4,156780,1009.773869204284,882.8940655580179
117145_NT_AL,145,717,3,103965,669.6079877013866,585.4706054709742
117155_NT_AL,150,1824,8,273600,1762.177131102769,1540.7565782413171
117156_NT_AL,149,303,2,45147,290.7785487496225,254.24172967054366
117177_NT_AL,161,1389,6,223629,1440.3286171468608,1259.3488773228346
117178_NT_AL,160,1884,8,301440,1941.4863830395418,1697.5353177816617
117245_NT_AL,141,888,4,125208,806.427902891504,705.0988656741185
117285_NT_AL,37,171,1,6327,40.75034615675153,35.62999587183046
117532_NT_AL,159,2697,11,428823,2761.922821238606,2414.88252248237
117579_NT_AL,154,468,2,72072,464.1945547983873,405.8677196893575
1176_NT_AL,154,582,3,89628,577.2675873774816,504.732933459842
117854_NT_AL,126,1977,8,249102,1604.392718245475,1402.7980451501046
1182_NT_AL,147,2604,11,382788,2465.424925659966,2155.6400916368325
118424_NT_AL,160,783,4,125280,806.8916337154784,705.5043279315505
118427_NT_AL,160,1458,6,233280,1502.4878696770977,1313.6977140794388
118429_NT_AL,158,1458,6,230364,1483.706771306134,1297.276492653446
118461_NT_AL,162,4569,18,740178,4767.268803162958,4168.253371964553
118490_NT_AL,154,1401,6,215754,1389.6080582746595,1215.0014429162177
118491_NT_AL,160,3414,14,546240,3518.1711845525456,3076.1069930502085
1184_NT_AL,157,2457,10,385749,2484.495855795914,2172.31472697372
118738_NT_AL,155,1005,4,155775,1003.3009597863079,877.2344882146973
118856_NT_AL,129,1743,7,224847,1448.1733969190946,1266.2079471777247
118932_NT_AL,157,576,3,90432,582.4459149118626,509.26059533449853
118987_NT_AL,155,3591,15,556605,3584.9291010871957,3134.47666385968
118_NT_AL,156,2487,10,387972,2498.813544986124,2184.833374171931
119032_NT_AL,160,330,2,52800,340.0692709145694,297.3389887834121
1192_NT_AL,161,726,3,116886,752.8283484871281,658.2341864192786
119392_NT_AL,159,720,3,114480,737.3320101193165,644.6849893167616
119467_NT_AL,158,870,4,137460,885.3394314378165,774.0950264804512
1195_NT_AL,161,1497,6,241017,1552.3196111366815,1357.2680124926446
119710_NT_AL,159,822,4,130698,841.7873782195529,736.0153628033029
1200_NT_AL,162,1752,7,283824,1828.0269081071356,1598.3322187966505
120103_NT_AL,151,1473,6,222423,1432.5611258452893,1252.5573845108497
120376_NT_AL,147,753,3,110691,712.928175507663,623.3475380194066
120379_NT_AL,161,954,4,153594,989.2537802434163,864.9523606666553
1203_NT_AL,157,915,4,143655,925.2396044172817,808.9816748803232
120425_NT_AL,156,1218,5,190008,1223.7856444684755,1070.0148973628516
120526_NT_AL,158,453,2,71574,460.9870832658976,403.0632724087867
120775_NT_AL,113,966,4,109158,703.0545733805411,614.7145707882519
120787_NT_AL,147,966,4,142002,914.5931175835358,799.6729372201153
120939_NT_AL,159,537,3,85383,549.9267908806569,480.8275545320847
120_NT_AL,161,2136,9,343896,2214.9329922431207,1936.622895580687
1211_NT_AL,161,765,3,123165,793.26954076123,693.5938741194877
121268_NT_AL,152,588,3,89376,575.6445294935712,503.3138155588303
121274_NT_AL,154,1314,6,202356,1303.3154807800875,1139.5516745124269
121278_NT_AL,157,1485,6,233145,1501.6183743821457,1312.937472346754
121340_NT_AL,157,1389,6,218073,1404.5440552301686,1228.060706457671
121355_NT_AL,157,504,2,79128,509.6401755478797,445.6030209176862
1213_NT_AL,161,5052,20,813372,5238.68982996828,4580.439545165558
121441_NT_AL,159,2040,8,324360,2089.10736200473,1826.6074697308247
121506_NT_AL,156,834,4,130104,837.9615989217641,732.6702991794896
121599_NT_AL,158,792,4,125136,805.9641720675296,704.6934034166867
1215_NT_AL,57,741,3,42237,272.03609461399,237.85429676600333
121793_NT_AL,121,333,2,40293,259.5153623666808,226.90681581534136
122046_NT_AL,151,945,4,142695,919.0565267642895,803.5755114478975
122060_NT_AL,159,1932,8,307188,1978.5075604868325,1729.9047213333106
122402_NT_AL,157,4518,18,709326,4568.560145089922,3994.512794654973
122481_NT_AL,159,2238,9,355842,2291.873664787542,2003.895841792934
122525_NT_AL,159,945,4,150255,967.7482632816028,846.1490484782497
122553_NT_AL,161,474,2,76314,491.51602917754644,429.7562043563885
122616_NT_AL,133,828,4,110124,709.2762952688645,620.1545227421302
122704_NT_AL,160,408,2,65280,420.4492804034677,367.61911340494584
122769_NT_AL,158,1284,6,202872,1306.6388850185706,1142.4574873573556
122786_NT_AL,161,1890,8,304290,1959.8423948218624,1713.5848654716756
122945_NT_AL,157,1098,5,172386,1110.287525300738,970.7780098563878
122961_NT_AL,161,468,2,75348,485.29430728922307,424.31625240251014
123036_NT_AL,159,1482,6,235638,1517.6750541622598,1326.9766030103344
123103_NT_AL,160,2400,10,384000,2473.2310611968687,2162.4653729702695
123207_NT_AL,154,399,2,61446,395.7556140268302,346.0282481966958
123228_NT_AL,157,636,3,99852,643.1173643818482,562.3085740151755
123264_NT_AL,155,411,2,63705,410.3051686290274,358.7496265236225
123591_NT_AL,160,1809,8,289440,1864.1979123771398,1629.9582748763407
123624_NT_AL,131,3303,13,432693,2786.848353027231,2436.676118819336
123720_NT_AL,158,3096,13,489168,3150.587218082161,2754.7105769925024
123775_NT_AL,159,1344,6,213696,1376.3530855560573,1203.4119800579551
123803_NT_AL,155,936,4,145080,934.4176103084419,817.0064487253301
123872_NT_AL,158,2340,10,369720,2381.2577811086103,2082.048691912938
123879_NT_AL,157,924,4,145068,934.3403218377796,816.9388716824247
123904_NT_AL,158,495,2,78210,503.727607542206,440.43337713542917
123920_NT_AL,151,585,3,88335,568.9397546636078,497.4515070867937
123970_NT_AL,153,840,4,128520,827.7595207943269,723.7501295159872
123_NT_AL,150,1254,5,188100,1211.4967776331537,1059.2701475409056
124152_NT_AL,151,846,4,127746,822.774414436602,719.391410248594
124491_NT_AL,162,444,2,71928,463.2670931504385,405.05679517449363
124535_NT_AL,150,1977,8,296550,1909.991331244613,1669.9976727977435
124540_NT_AL,141,978,4,137898,888.1604606169942,776.5615885464955
124773_NT_AL,156,744,3,116064,747.5340882467535,653.605158980264
124783_NT_AL,137,1761,7,241257,1553.8653805499296,1358.619553350751
124801_NT_AL,155,579,3,89745,578.02114996644,505.3918096281689
124808_NT_AL,160,717,3,114720,738.8777795325645,646.0365301748681
124817_NT_AL,160,1014,4,162240,1044.940123355677,913.641620079939
124872_NT_AL,155,1500,6,232500,1497.4641190840416,1309.305206290593
124923_NT_AL,157,1290,6,202530,1304.4361636046922,1140.531541634554
124936_NT_AL,158,837,4,132246,851.7575909350029,744.7328013380893
124944_NT_AL,156,582,3,90792,584.7645690317346,511.2879066216582
125061_NT_AL,156,906,4,141336,910.3036074617725,795.9224113388699
125150_NT_AL,152,402,2,61104,393.5528926129517,344.10230247389416
125476_NT_AL,160,588,3,94080,605.9416099932329,529.804016377716
125488_NT_AL,150,1761,7,264150,1701.3124604561272,1487.539656953377
1258_NT_AL,135,4848,19,654480,4215.313189927413,3685.6519200562034
125931_NT_AL,110,1488,6,163680,1054.2147398351653,921.7508652285775
125972_NT_AL,155,1179,5,182745,1177.0067976000566,1029.113892144406
126074_NT_AL,160,783,4,125280,806.8916337154784,705.5043279315505
126206_NT_AL,127,4515,18,573405,3693.1329600145586,3229.084523927129
126298_NT_AL,154,1974,8,303996,1957.9488272906335,1711.9292279204951
126299_NT_AL,156,624,3,97344,626.9640740134062,548.1849720479634
126306_NT_AL,140,1332,6,186480,1201.0628340937294,1050.1472467486872
126353_NT_AL,149,2433,10,362517,2334.8653765935032,2041.485571909019
126432_NT_AL,161,1725,7,277725,1788.7450428929696,1563.9861867400214
126549_NT_AL,147,1905,8,280035,1803.623073495482,1576.9947674992954
126626_NT_AL,154,1440,6,221760,1428.2909378411916,1248.8237528903308
126637_NT_AL,132,2850,12,376200,2422.9935552663073,2118.540295081811
126661_NT_AL,88,837,4,73656,474.39663292582435,414.78788935285985
126767_NT_AL,110,1221,5,134310,865.051207888936,756.3560527178045
126820_NT_AL,159,2634,11,418806,2697.406270353166,2358.472585917153
127003_NT_AL,161,441,2,71001,457.2965587917679,399.83646861005764
127124_NT_AL,156,354,2,55224,355.68154198837465,310.9895514502869
127253_NT_AL,160,801,4,128160,825.4408666744549,721.7228182288276
127254_NT_AL,151,5046,20,761946,4907.470088944556,4290.838127794805
127255_NT_AL,156,1863,8,290628,1871.8494709727177,1636.6484021239676
1272_NT_AL,156,3084,13,481104,3098.649365797027,2709.2988041601266
127391_NT_AL,158,555,3,87690,564.7854993655037,493.81924103063267
127428_NT_AL,158,630,3,99540,641.1078641446258,560.5515708996371
127495_NT_AL,161,1011,4,162771,1048.3601381824883,916.6319042284994
127544_NT_AL,160,2295,9,367200,2365.027202269506,2067.8575129028204
127602_NT_AL,119,13812,54,1643628,10586.12453815856,9255.959989698902
127795_NT_AL,155,1689,7,261795,1686.1445980886308,1474.2776622832077
1277_NT_AL,158,4440,18,701520,4518.28399492403,3950.5539282450613
128025_NT_AL,155,3324,13,515220,3318.380487890236,2901.420337139954
128077_NT_AL,155,1029,5,159495,1027.2603856916526,898.1833715153468
1280_NT_AL,159,4641,19,737919,4752.719248560761,4155.531993637626
128153_NT_AL,157,1095,5,171915,1107.2539528272387,968.125610922354
128178_NT_AL,152,591,3,89832,578.5814913787425,505.88174318923245
1281_NT_AL,153,4455,18,681615,4390.08174421277,3838.4605083258602
128209_NT_AL,131,1161,5,152091,979.5733992929504,856.4883360427638
128338_NT_AL,160,801,4,128160,825.4408666744549,721.7228182288276
128346_NT_AL,143,291,2,41613,268.01709413954507,234.34029053492665
128371_NT_AL,123,945,4,116235,748.6354489536927,654.5681318416648
128387_NT_AL,157,825,4,129525,834.2324302123031,729.4097068593078
1284_NT_AL,152,5292,21,804384,5180.800765442141,4529.824340029472
1285_NT_AL,153,5034,20,770202,4960.644556760288,4337.331133313666
128653_NT_AL,150,537,3,80550,518.7988593213744,453.61090050196674
1286_NT_AL,155,5217,21,808635,5208.1802061742965,4553.763507478682
128710_NT_AL,152,1293,6,196536,1265.8305725088223,1106.7768087033462
128861_NT_AL,152,756,3,114912,740.114395063163,647.1177628613532
128869_NT_AL,160,1320,6,211200,1360.2770836582777,1189.3559551336484
1289_NT_AL,151,5904,24,891504,5741.91506245118,5020.4336715221025
129080_NT_AL,152,1512,6,229824,1480.228790126326,1294.2355257227064
1293_NT_AL,160,10869,43,1739040,11200.645168395318,9793.26505783911
129401_NT_AL,160,993,4,158880,1023.2993515702044,894.7200480664491
1294_NT_AL,153,9159,36,1401327,9025.535060661,7891.461233615389
129521_NT_AL,127,429,2,54483,350.90897892497134,306.8166690508834
129530_NT_AL,143,621,3,88803,571.9540050194415,500.08701176010123
129531_NT_AL,160,759,3,121440,782.1593231035097,683.8796742018478
129563_NT_AL,153,2604,11,398412,2566.0545144624134,2243.62540149956
129642_NT_AL,159,1503,6,238977,1539.1805711240731,1345.77991519874
129685_NT_AL,160,927,4,148320,955.2854973872905,835.2522503097667
1296_NT_AL,158,2130,9,336540,2167.5551597270683,1895.1981682797255
129852_NT_AL,154,882,4,135828,874.8281994277298,764.9045486453276
1298_NT_AL,159,2076,9,330084,2125.973962510696,1858.8417191966628
1299_NT_AL,149,2085,9,310665,2000.9018948612636,1749.4851695151272
130074_NT_AL,159,600,3,95400,614.4433417660971,537.2374910973014
1300_NT_AL,161,2067,9,332787,2143.383190527402,1874.0634481110862
130132_NT_AL,158,1566,7,247428,1593.61097658807,1393.3710476648123
130162_NT_AL,158,1782,7,281556,1813.4193871519415,1585.560157687545
1301_NT_AL,155,5694,23,882570,5684.373796043022,4970.122563079091
130271_NT_AL,158,4545,18,718110,4625.1353056148,4043.979190061668
130355_NT_AL,159,384,2,61056,393.24373873030214,343.8319943022729
130367_NT_AL,162,1218,5,197316,1270.8543231018784,1111.1693164921921
130507_NT_AL,149,5706,23,850194,5475.849502195861,4787.799701320535
130535_NT_AL,156,1323,6,206388,1329.2844069226544,1162.2575609286146
130574_NT_AL,160,513,3,82080,528.6531393308306,462.2269734723952
130589_NT_AL,158,1035,5,163530,1053.2486339518853,920.906152192261
1305_NT_AL,156,2469,10,385164,2480.7280428511217,2169.0203461320857
130617_NT_AL,159,750,3,119250,768.0541772076214,671.5468638716268
1306_NT_AL,157,4764,19,747948,4817.313087916863,4212.009507245748
130733_NT_AL,159,921,4,146439,943.170529610959,824.6595488343577
1307_NT_AL,161,4935,20,794535,5117.366253145974,4474.360482064931
1308_NT_AL,157,4896,20,768672,4950.790276750832,4328.715060343237
130916_NT_AL,155,1023,4,158565,1021.2705292153163,892.9461506901845
130951_NT_AL,156,1620,7,252720,1627.695192150189,1423.1725235860588
131034_NT_AL,152,1674,7,254448,1638.8247319255752,1432.903617764425
131118_NT_AL,157,348,2,54636,351.89440692591694,307.6782763479262
131149_NT_AL,155,1467,6,227385,1464.5199084641927,1280.5004917521999
131368_NT_AL,159,1245,5,197955,1274.9699341646515,1114.7677940269004
131375_NT_AL,153,447,2,68391,440.48631642269544,385.1384617781503
131408_NT_AL,162,1152,5,186624,1201.9902957416782,1050.958171263551
1314_NT_AL,157,3708,15,582156,3749.4955772451153,3278.3650824658343
131544_NT_AL,153,9534,38,1458702,9395.070561015611,8214.563970006455
131566_NT_AL,161,2421,10,389781,2510.464781938481,2195.0206133899082
1317_NT_AL,161,579,3,93219,600.3961622232055,524.9553635492593
1318_NT_AL,161,438,2,70518,454.1856978476062,397.11649263311847
131920_NT_AL,153,444,2,67932,437.53003241985857,382.5536398870218
132001_NT_AL,156,993,4,154908,997.7168677809493,872.3520468647879
132014_NT_AL,153,2106,9,322218,2075.311369991491,1814.544967572225
132160_NT_AL,157,1443,6,226551,1459.1483597531558,1275.8038872702803
132200_NT_AL,89,900,4,80100,515.9005416715344,451.0767613930172
132204_NT_AL,157,864,4,135648,873.6688723677938,763.8908930017478
132320_NT_AL,159,2067,9,328653,2116.7573123842044,1850.7831568302033
132612_NT_AL,159,1749,7,278091,1791.102341248173,1566.0472865486336
132625_NT_AL,145,960,4,139200,896.5462596838648,783.8936977017228
1326_NT_AL,158,1578,7,249324,1605.8225549527294,1404.0482204438529
132720_NT_AL,144,495,2,71280,459.09351573466876,401.4076348576063
132789_NT_AL,160,831,4,132960,856.3562549394157,748.7536353909559
132851_NT_AL,158,879,4,138882,894.4981152113112,782.1029060647318
132864_NT_AL,157,3462,14,543534,3500.742634418174,3060.8683698750588
132949_NT_AL,158,3375,14,533250,3434.5064150604953,3002.954844105199
132954_NT_AL,154,726,3,111804,720.0966811616008,629.6153087488751
133022_NT_AL,122,1158,5,141276,909.9171651084605,795.5845261243433
133418_NT_AL,154,1350,6,207900,1339.022754226117,1170.7722683346851
133491_NT_AL,106,534,3,56604,364.56971611455094,318.7609113843988
133558_NT_AL,157,4770,19,748890,4823.380232863862,4217.314305113816
133584_NT_AL,157,3078,13,483246,3112.4453578102657,2721.3613063187263
133619_NT_AL,160,1443,6,230880,1487.0301755446174,1300.1823054983747
133690_NT_AL,148,678,3,100344,646.2861916790067,565.0792327742936
133957_NT_AL,156,789,4,123084,792.7478435842588,693.1377290798767
134147_NT_AL,150,738,3,110700,712.9861418606598,623.3982208015856
134218_NT_AL,156,1668,7,260208,1675.9231978435282,1465.3405983589792
134288_NT_AL,157,756,3,118692,764.4602633218196,668.4045313765293
134359_NT_AL,157,1821,8,285897,1841.3784914140656,1610.0061529585448
134391_NT_AL,160,1287,6,205920,1326.2701565668208,1159.6220562553071
134429_NT_AL,160,651,3,104160,670.8639253496506,586.5687324181856
134430_NT_AL,153,2688,11,411264,2648.8304665418464,2316.000414451159
134553_NT_AL,158,573,3,90534,583.102866912493,509.83500019919376
134637_NT_AL,159,591,3,93969,605.2266916396056,529.1789287308419
1347_NT_AL,157,249,1,39093,251.78651530044058,220.14911152480926
134829_NT_AL,158,981,4,154998,998.2965313109173,872.8588746865778
134957_NT_AL,160,3498,14,559680,3604.734271694436,3151.7932811041683
1349_NT_AL,151,240,1,36240,233.41118140045447,204.0826695740692
1350_NT_AL,144,192,1,27648,178.07263640617455,155.6975068538594
135154_NT_AL,152,327,2,49704,320.1288454836697,279.9041117138393
1353_NT_AL,156,849,4,132444,853.0328507009325,745.8478225460271
135656_NT_AL,24,1215,5,29160,187.8109837096372,164.21221425992985
1356_NT_AL,105,3222,13,338310,2178.9552091497726,1905.1657821082604
1358_NT_AL,141,1374,6,193734,1247.7837146091515,1090.9975691849538
135932_NT_AL,161,684,3,110124,709.2762952688645,620.1545227421302
135935_NT_AL,155,1839,8,285045,1835.8910099970349,1605.208182912267
1359_NT_AL,157,1296,6,203472,1310.5033085516907,1145.8363395026217
1361_NT_AL,158,1305,6,206190,1328.0091471567248,1161.142539720677
1362_NT_AL,155,4182,17,648210,4174.929964006308,3650.3429151381733
136319_NT_AL,149,357,2,53193,342.6004683287631,299.5521369385614
136332_NT_AL,155,2271,9,352005,2267.160676293239,1982.2880823239577
136371_NT_AL,160,1434,6,229440,1477.755559065129,1292.0730603497361
1368_NT_AL,161,1344,6,216384,1393.6657029844355,1218.549237668747
1371_NT_AL,157,1428,6,224196,1443.9804973856592,1262.541892600111
137362_NT_AL,157,1221,5,191697,1234.6639967142087,1079.5263661517756
1373_NT_AL,160,4503,18,720480,4640.399778570625,4057.3256560354685
137492_NT_AL,161,1215,5,195615,1259.898682385483,1101.5902706603629
1374_NT_AL,158,2649,11,418542,2695.7059239985933,2356.985890973236
137682_NT_AL,155,1032,5,159960,1030.2553139298207,900.801981927928
1376_NT_AL,156,1983,8,309348,1992.4194852060648,1742.0685890562681
137964_NT_AL,158,1368,6,216144,1392.1199335711874,1217.1976968106405
138046_NT_AL,150,882,4,132300,852.1053890529837,745.0368980311632
138050_NT_AL,154,1929,8,297066,1913.3147354830962,1672.9034856426722
138162_NT_AL,153,456,2,69768,449.3551684312061,392.8929274515359
138199_NT_AL,158,1281,6,202398,1303.5859904274057,1139.7881941625956
138255_NT_AL,152,696,3,105792,681.3751573597373,595.7592102533093
1386_NT_AL,159,1542,7,245178,1579.1193883388694,1380.7003521200645
1387_NT_AL,158,7485,30,1182630,7616.9720049563875,6659.8865209266405
1388_NT_AL,159,2226,9,353934,2279.58479795222,1993.151091970988
1389_NT_AL,159,357,2,56763,365.59378835082777,319.6563072028943
139212_NT_AL,150,678,3,101700,655.0197888638581,572.7154386225949
139285_NT_AL,158,3804,15,601032,3871.070341597074,3384.663770955904
139324_NT_AL,142,2112,9,299904,1931.5934587947545,1688.8854562897807
139341_NT_AL,151,465,2,70215,452.2341639633805,395.4101722997591
139378_NT_AL,134,9342,37,1251828,8062.655971031129,7049.569538840174
139716_NT_AL,151,1770,7,267270,1721.4074628283518,1505.1096881087603
1398_NT_AL,158,906,4,143148,921.9741665317952,806.1265448175734
1399_NT_AL,150,909,4,136350,878.1902479015444,767.8441500117091
13_NT_AL,52,1209,5,62868,404.91429780032485,354.03612778097636
140458_NT_AL,161,987,4,158907,1023.4732506291948,894.872096412986
140469_NT_AL,143,4047,16,578721,3727.3717525180027,3259.0211539341863
1404_NT_AL,162,1068,5,173016,1114.345170010514,974.3258046089171
140545_NT_AL,159,1143,5,181737,1170.5145660644148,1023.4374205403592
140609_NT_AL,147,918,4,134946,869.1474968340433,759.9376359917865
140691_NT_AL,156,1524,6,237744,1531.2391807635113,1338.8363740402183
140711_NT_AL,161,717,3,115437,743.495765654643,650.074258488461
140731_NT_AL,140,681,3,95340,614.056899412785,536.8996058827748
140733_NT_AL,136,1404,6,190944,1229.814145180143,1075.2859067094666
140803_NT_AL,155,6393,25,990915,6382.192075536185,5580.2587892105075
140881_NT_AL,142,510,2,72420,466.43592044759697,407.8274539336118
140885_NT_AL,105,2247,9,235935,1519.5879438111542,1328.6491348222412
140886_NT_AL,144,1146,5,165024,1062.8710485493543,929.3194940339735
140894_NT_AL,152,1869,8,284088,1829.7272544617083,1599.8189137405677
142685_NT_AL,160,1782,7,285120,1836.374062938675,1605.6305394304252
142686_NT_AL,157,1764,7,276948,1783.740614417579,1559.6105732119017
142689_NT_AL,150,960,4,144000,927.4616479488258,810.9245148638512
1427_NT_AL,155,537,3,83235,536.0921546320869,468.73126385203227
1431_NT_AL,155,1401,6,217155,1398.6314872244948,1222.8910626754139
143279_NT_AL,159,2388,10,379692,2445.4845002290663,2138.2052145672596
143379_NT_AL,160,723,3,115680,745.0608571855566,651.4426936072938
143384_NT_AL,157,1173,5,184161,1186.12683713822,1037.087983207234
1434_NT_AL,161,2916,12,469476,3023.756837725159,2643.816649584871
143684_NT_AL,157,1098,5,172386,1110.287525300738,970.7780098563878
143686_NT_AL,148,1488,6,220224,1418.398013596404,1240.1738913984498
143689_NT_AL,156,2580,11,402480,2592.255306016968,2266.534019044464
143879_NT_AL,159,1845,8,293355,1889.4132759307483,1652.0052851242017
143903_NT_AL,160,1194,5,191040,1230.432452945442,1075.8265230527093
144108_NT_AL,161,2952,12,475272,3061.0871690550994,2676.456361308141
144165_NT_AL,156,2559,10,399204,2571.1555535261323,2248.0854863313116
144406_NT_AL,156,4191,17,653796,4210.907747099656,3681.8000286106003
144453_NT_AL,158,2118,9,334644,2155.3435813624087,1884.5209955006849
144455_NT_AL,159,2892,12,459828,2961.616907312588,2589.4847070889928
144608_NT_AL,142,825,4,117150,754.5286948417009,659.7208813631955
145376_NT_AL,157,1146,5,179922,1158.8246848767265,1013.2163928009294
145389_NT_AL,159,1416,6,225144,1450.086286567989,1267.8804789896312
145407_NT_AL,148,2610,11,386280,2487.915870622725,2175.3050111222806
145447_NT_AL,148,1035,5,153180,986.5873280055633,862.6209526864217
1456_NT_AL,155,1377,6,213435,1374.67206131915,1201.9421793747645
145773_NT_AL,161,1104,5,177744,1144.7968274515006,1000.9511595136136
145814_NT_AL,137,522,3,71514,460.60064091258556,402.72538719426007
145873_NT_AL,133,1206,5,160398,1033.0763431089983,903.2685439939722
146057_NT_AL,159,3795,15,603405,3886.354136670564,3398.027131190431
146177_NT_AL,149,3549,14,528801,3405.8517145624096,2977.900655448051
146225_NT_AL,129,504,2,65016,418.7489340488948,366.1324184610288
1462_NT_AL,161,10698,42,1722378,11093.330126880574,9699.434333765072
146395_NT_AL,148,768,3,113664,732.0763941142732,640.0897503991998
146434_NT_AL,135,1296,6,174960,1126.8659022578233,985.2732855595791
146722_NT_AL,128,1428,6,182784,1177.2579851297094,1029.3335175338484
146845_NT_AL,161,1962,8,315882,2034.5030574817429,1778.8642889182154
146894_NT_AL,158,1545,7,244110,1572.2407144499157,1374.685995301491
146909_NT_AL,159,3534,14,561906,3619.0712830023117,3164.3288225631054
147372_NT_AL,154,1251,5,192654,1240.8277522495353,1084.9156353234748
147409_NT_AL,143,3141,13,449163,2892.9267790113777,2529.425610206889
147463_NT_AL,158,903,4,142674,918.9212719406303,803.4572516228131
147685_NT_AL,134,561,3,75174,484.17362446461823,423.33638528038296
147872_NT_AL,159,1806,8,287154,1849.474458715952,1617.084848202877
147906_NT_AL,135,2016,8,272160,1752.9025146232807,1532.6473330926788
147991_NT_AL,160,2184,9,349440,2250.6402656891505,1967.8434894029456
148304_NT_AL,161,804,4,129444,833.7107330353319,728.9535618196969
148362_NT_AL,160,1233,5,197280,1270.6224576898912,1110.966585363476
148418_NT_AL,116,246,1,28536,183.7919832351923,160.69820802885317
1486_NT_AL,152,1074,5,163248,1051.4323548913187,919.3180916839859
148867_NT_AL,161,1182,5,190302,1225.6792119997044,1071.670534914032
1488_NT_AL,153,3123,13,477819,3077.491646953194,2690.799588664795
149018_NT_AL,127,540,3,68580,441.70360983562824,386.20280020390913
149281_NT_AL,156,855,4,133380,859.0613514125998,751.1188318926421
149428_NT_AL,156,1113,5,173628,1118.2868820142967,977.7722337970886
149466_NT_AL,155,351,2,54405,350.4066038656657,306.37741827199875
149643_NT_AL,112,330,2,36960,238.0484896401986,208.13729214838847
149840_NT_AL,149,639,3,95211,613.2260483531642,536.1731526715425
149951_NT_AL,149,621,3,92529,595.9520751601174,521.0696835822033
149986_NT_AL,158,1332,6,210456,1355.4851984772088,1185.1661784735184
150160_NT_AL,146,1647,7,240462,1548.7450193685454,1354.1425742582735
150248_NT_AL,134,483,2,64722,416.85536651766597,364.47678090984846
150275_NT_AL,158,894,4,141252,909.7625881671356,795.4493720385327
150280_NT_AL,154,993,4,152922,984.9256258863218,861.1680462639573
150678_NT_AL,144,180,1,25920,166.94309663078863,145.96641267549322
1506_NT_AL,147,840,4,123480,795.298363116118,695.3677714957523
150864_NT_AL,156,1929,8,300924,1938.1629788010587,1694.629504936733
151112_NT_AL,160,1923,8,307680,1981.676387783991,1732.6753800924287
151176_NT_AL,147,1107,5,162729,1048.0896285351698,916.3953845783308
151246_NT_AL,155,4563,18,707265,4555.285850253655,3982.906437535984
151393_NT_AL,146,783,4,114318,736.2886157653741,643.7726992375399
151525_NT_AL,158,1452,6,229416,1477.6009821238042,1291.9379062639255
151649_NT_AL,155,1932,8,299460,1928.7337853802455,1686.385105702284
151742_NT_AL,157,1083,5,170031,1095.1196629332417,957.5160151862186
151827_NT_AL,161,1263,5,203343,1309.67245749207,1145.1098862913896
152098_NT_AL,155,1041,5,161355,1039.240098644325,908.6578131656715
1520_NT_AL,156,1008,4,157248,1012.7881195601177,885.5295702313255
152100_NT_AL,157,312,2,48984,315.49153724392556,275.84948913952
152503_NT_AL,156,3111,13,485316,3125.7776189995297,2733.0183462198943
152519_NT_AL,158,1242,5,196236,1263.8983607422622,1105.0873826307131
152579_NT_AL,149,2088,9,311112,2003.780890393438,1752.0024143633505
1528_NT_AL,159,402,2,63918,411.677038983285,359.9491190351919
152940_NT_AL,128,486,2,62208,400.66343191389274,350.3193904211837
153218_NT_AL,98,294,2,28812,185.56961806042756,162.25248001567556
153443_NT_AL,153,1482,6,226746,1460.4042974014196,1276.9020142174916
153562_NT_AL,161,1722,7,277242,1785.634181948808,1561.2662107630822
153745_NT_AL,152,2364,10,359328,2314.32596551497,2023.5269727569298
153770_NT_AL,155,540,3,83700,539.087082870255,471.3498742646135
153918_NT_AL,160,639,3,102240,658.4977700436663,575.7564055533343
154197_NT_AL,158,1626,7,256908,1654.6688684113676,1446.7569115600159
154214_NT_AL,145,1728,7,250560,1613.7832674309568,1411.008655863101
154288_NT_AL,18,810,4,14580,93.9054918548186,82.10610712996493
154865_NT_AL,156,2439,10,380484,2450.5855392927847,2142.6652993990106
155038_NT_AL,131,1905,8,249555,1607.3103580129807,1405.3490785197803
155435_NT_AL,157,4095,16,642915,4140.826426326523,3620.5245449562003
157657_NT_AL,159,666,3,105894,682.0321093603677,596.3336151180046
157695_NT_AL,151,456,2,68856,443.4812446608635,387.7570721907315
157753_NT_AL,161,948,4,152628,983.0320583550929,859.512408712777
157869_NT_AL,146,801,4,116946,753.2147908404401,658.5720716338051
158038_NT_AL,153,1824,8,279072,1797.4206737248244,1571.5717098061436
158135_NT_AL,153,2187,9,334611,2155.131038068087,1884.335158632695
158219_NT_AL,161,1872,8,301392,1941.1772291568923,1697.2650096100406
158326_NT_AL,157,6636,26,1041852,6710.262311380417,5867.106442082869
158399_NT_AL,147,2334,10,343098,2209.7933089440708,1932.1290222274833
158521_NT_AL,18,753,3,13554,87.29732761318323,76.32826996156
158763_NT_AL,149,1842,8,274458,1767.7032567551307,1545.5883368090476
158835_NT_AL,133,1014,4,134862,868.6064775394065,759.4645966914493
159195_NT_AL,159,5568,22,885312,5702.034211589381,4985.563917382957
1591_NT_AL,160,1674,7,267840,1725.078665184816,1508.3195976467632
159686_NT_AL,157,2613,11,410241,2642.2416244178767,2310.2394715434802
1602_NT_AL,144,2304,9,331776,2136.8716368740943,1868.3700822463131
160418_NT_AL,159,2775,11,441225,2841.800455668199,2484.7233963250187
1607_NT_AL,145,2418,10,350610,2258.1758915787345,1974.4322510862144
160851_NT_AL,157,3723,15,584511,3764.663439612612,3291.6270771360037
161436_NT_AL,156,5994,24,935064,6022.4722109557,5265.738337268417
161497_NT_AL,153,5286,21,808758,5208.972412998586,4554.456172168462
161882_NT_AL,150,3129,13,469350,3022.945308783204,2643.107090634365
162239_NT_AL,150,1233,5,184950,1191.2085540842731,1041.5311737782588
1629_NT_AL,159,1479,6,235161,1514.6028374534292,1324.2904155548479
163183_NT_AL,151,1227,5,185277,1193.3146649098235,1043.3726481974288
1635_NT_AL,155,528,3,81840,527.1073699175827,460.87543261428874
163786_NT_AL,159,1995,8,317205,2043.0241113722727,1786.3146578985272
164127_NT_AL,141,2214,9,312174,2010.6209200470605,1757.9829826604714
164684_NT_AL,151,1896,8,286296,1843.9483330635903,1612.2530896351468
165100_NT_AL,143,1293,6,184899,1190.8800780839579,1041.2439713459112
165545_NT_AL,156,2208,9,344448,2218.4882618935912,1939.731439554332
165829_NT_AL,159,2502,10,397818,2562.2287351646246,2240.2803378757467
166348_NT_AL,157,1878,8,294846,1899.0163684105519,1660.401732705188
166614_NT_AL,156,2433,10,379548,2444.5570385811175,2137.3942900523957
166863_NT_AL,159,1602,7,254718,1640.5637225154792,1434.4241012297948
166979_NT_AL,140,1581,7,221340,1425.5858413680076,1246.4585563886446
1677_NT_AL,158,1425,6,225150,1450.1249308033202,1267.9142675110838
1678_NT_AL,151,300,2,45300,291.7639767505681,255.1033369675865
168975_NT_AL,135,1320,6,178200,1147.7337893366719,1003.5190871440158
169026_NT_AL,154,1125,5,173250,1115.852295188431,975.6435569455709
1803_NT_AL,161,2313,10,372393,2398.47378794866,2097.101478220098
2653_NT_AL,148,525,3,77700,500.4428475390539,437.56135281195304
