experiment_id,status,created_at,base_config,epochs,target_epoch,note,git_commit,git_dirty_hash,checkpoint_root,checkpoint_dir,checkpoint_path,trial_dir,train_log_path,pure_model_rf,training_runtime_s,evaluation_runtime_s,total_runtime_s,overrides_json
smoke-arw-0_2-742318b31062,completed,2026-03-09T12:17:41.163647+00:00,/n/holylfs06/LABS/mzitnik_lab/Users/yektefaie/PhylaFlow/configs/sanity_train.yaml,50,49,smoke test with cuda module,ca845764bc56213239fd0c81712e3f0972d2cae2,f52f10d2b88ed1571780a0921177a2cde91b124533e4c9bc22dca9e6e7399b1d,/n/netscratch/mzitnik_lab/Lab/yektefaie/PhylaFlowCheckpoints/overfit_pure_model_search/smoke-arw-0_2-742318b31062,/n/netscratch/mzitnik_lab/Lab/yektefaie/PhylaFlowCheckpoints/overfit_pure_model_search/smoke-arw-0_2-742318b31062/2026-03-09_08-18-24,/n/netscratch/mzitnik_lab/Lab/yektefaie/PhylaFlowCheckpoints/overfit_pure_model_search/smoke-arw-0_2-742318b31062/2026-03-09_08-18-24/overfit-epoch=49.ckpt,/n/holylfs06/LABS/mzitnik_lab/Users/yektefaie/PhylaFlow/analysis/overfit_pure_model_search/trials/smoke-arw-0_2-742318b31062,/n/holylfs06/LABS/mzitnik_lab/Users/yektefaie/PhylaFlow/analysis/overfit_pure_model_search/trials/smoke-arw-0_2-742318b31062/train.log,0.5592105263157895,104.01174092292786,1.8430860042572021,105.85922980308533,"{""trainer.epochs"":50,""trainer.record"":false,""trainer.training_step_autoregressive_weight"":0.2}"
baseline-arw-0_2-471839f186a0,completed,2026-03-09T13:22:04.525873+00:00,/n/holylfs06/LABS/mzitnik_lab/Users/yektefaie/PhylaFlow/configs/sanity_train.yaml,3000,2999,salvaged from aborted 20k run at epoch 2999,ca845764bc56213239fd0c81712e3f0972d2cae2,f52f10d2b88ed1571780a0921177a2cde91b124533e4c9bc22dca9e6e7399b1d,/n/netscratch/mzitnik_lab/Lab/yektefaie/PhylaFlowCheckpoints/overfit_pure_model_search/baseline-arw-0_2-471839f186a0,/n/netscratch/mzitnik_lab/Lab/yektefaie/PhylaFlowCheckpoints/overfit_pure_model_search/baseline-arw-0_2-471839f186a0/2026-03-09_08-21-17,/n/netscratch/mzitnik_lab/Lab/yektefaie/PhylaFlowCheckpoints/overfit_pure_model_search/baseline-arw-0_2-471839f186a0/2026-03-09_08-21-17/overfit-epoch=2999.ckpt,/n/holylfs06/LABS/mzitnik_lab/Users/yektefaie/PhylaFlow/analysis/overfit_pure_model_search/trials/baseline-arw-0_2-471839f186a0,/n/holylfs06/LABS/mzitnik_lab/Users/yektefaie/PhylaFlow/analysis/overfit_pure_model_search/trials/baseline-arw-0_2-471839f186a0/train.log,0.453781512605042,0.0,16.188034534454346,16.245296716690063,"{""trainer.epochs"":3000,""trainer.record"":false,""trainer.training_step_autoregressive_weight"":0.2}"
2026-03-08_15-33-36,completed,2026-03-09T13:27:12.493593+00:00,/n/holylfs06/LABS/mzitnik_lab/Users/yektefaie/PhylaFlow/configs/sanity_train.yaml,3000,2999,historical March 8 checkpoint at epoch 2999; user said 0.2 was first run,ca845764bc56213239fd0c81712e3f0972d2cae2,f52f10d2b88ed1571780a0921177a2cde91b124533e4c9bc22dca9e6e7399b1d,/n/netscratch/mzitnik_lab/Lab/yektefaie/PhylaFlowCheckpoints/2026-03-08_15-33-36,/n/netscratch/mzitnik_lab/Lab/yektefaie/PhylaFlowCheckpoints/2026-03-08_15-33-36,/n/netscratch/mzitnik_lab/Lab/yektefaie/PhylaFlowCheckpoints/2026-03-08_15-33-36/overfit-epoch=2999.ckpt,/n/holylfs06/LABS/mzitnik_lab/Users/yektefaie/PhylaFlow/analysis/overfit_pure_model_search/trials/2026-03-08_15-33-36,/n/holylfs06/LABS/mzitnik_lab/Users/yektefaie/PhylaFlow/analysis/overfit_pure_model_search/trials/2026-03-08_15-33-36/train.log,0.40562248995983935,0.0,16.087430238723755,16.09075379371643,"{""trainer.epochs"":3000,""trainer.record"":false,""trainer.training_step_autoregressive_weight"":0.2}"
2026-03-08_16-30-58,completed,2026-03-09T13:28:29.589084+00:00,/n/holylfs06/LABS/mzitnik_lab/Users/yektefaie/PhylaFlow/configs/sanity_train.yaml,3000,2999,historical March 8 checkpoint at epoch 2999; user said 0.5 was second run,ca845764bc56213239fd0c81712e3f0972d2cae2,f52f10d2b88ed1571780a0921177a2cde91b124533e4c9bc22dca9e6e7399b1d,/n/netscratch/mzitnik_lab/Lab/yektefaie/PhylaFlowCheckpoints/2026-03-08_16-30-58,/n/netscratch/mzitnik_lab/Lab/yektefaie/PhylaFlowCheckpoints/2026-03-08_16-30-58,/n/netscratch/mzitnik_lab/Lab/yektefaie/PhylaFlowCheckpoints/2026-03-08_16-30-58/overfit-epoch=2999.ckpt,/n/holylfs06/LABS/mzitnik_lab/Users/yektefaie/PhylaFlow/analysis/overfit_pure_model_search/trials/2026-03-08_16-30-58,/n/holylfs06/LABS/mzitnik_lab/Users/yektefaie/PhylaFlow/analysis/overfit_pure_model_search/trials/2026-03-08_16-30-58/train.log,0.43884892086330934,0.0,12.064006328582764,12.077510595321655,"{""trainer.epochs"":3000,""trainer.record"":false,""trainer.training_step_autoregressive_weight"":0.5}"
2026-03-08_17-11-50,completed,2026-03-09T13:29:39.861815+00:00,/n/holylfs06/LABS/mzitnik_lab/Users/yektefaie/PhylaFlow/configs/sanity_train.yaml,3000,2999,historical March 8 checkpoint at epoch 2999; user said 1.0 was third run,ca845764bc56213239fd0c81712e3f0972d2cae2,f52f10d2b88ed1571780a0921177a2cde91b124533e4c9bc22dca9e6e7399b1d,/n/netscratch/mzitnik_lab/Lab/yektefaie/PhylaFlowCheckpoints/2026-03-08_17-11-50,/n/netscratch/mzitnik_lab/Lab/yektefaie/PhylaFlowCheckpoints/2026-03-08_17-11-50,/n/netscratch/mzitnik_lab/Lab/yektefaie/PhylaFlowCheckpoints/2026-03-08_17-11-50/overfit-epoch=2999.ckpt,/n/holylfs06/LABS/mzitnik_lab/Users/yektefaie/PhylaFlow/analysis/overfit_pure_model_search/trials/2026-03-08_17-11-50,/n/holylfs06/LABS/mzitnik_lab/Users/yektefaie/PhylaFlow/analysis/overfit_pure_model_search/trials/2026-03-08_17-11-50/train.log,0.4594594594594595,0.0,19.868475437164307,19.871639013290405,"{""trainer.epochs"":3000,""trainer.record"":false,""trainer.training_step_autoregressive_weight"":1.0}"
arw-0_2-agr-0_1-c20d8fe6ccca,completed,2026-03-09T13:32:06.592377+00:00,/n/holylfs06/LABS/mzitnik_lab/Users/yektefaie/PhylaFlow/configs/sanity_train.yaml,3000,2999,First 3k follow-up after matched March 8 comparison; doubling autoregressive_grad_ratio from 0.05 to 0.1 while keeping autoregressive_weight at 0.2,ca845764bc56213239fd0c81712e3f0972d2cae2,f52f10d2b88ed1571780a0921177a2cde91b124533e4c9bc22dca9e6e7399b1d,/n/netscratch/mzitnik_lab/Lab/yektefaie/PhylaFlowCheckpoints/overfit_pure_model_search/arw-0_2-agr-0_1-c20d8fe6ccca,/n/netscratch/mzitnik_lab/Lab/yektefaie/PhylaFlowCheckpoints/overfit_pure_model_search/arw-0_2-agr-0_1-c20d8fe6ccca/2026-03-09_09-32-36,/n/netscratch/mzitnik_lab/Lab/yektefaie/PhylaFlowCheckpoints/overfit_pure_model_search/arw-0_2-agr-0_1-c20d8fe6ccca/2026-03-09_09-32-36/overfit-epoch=2999.ckpt,/n/holylfs06/LABS/mzitnik_lab/Users/yektefaie/PhylaFlow/analysis/overfit_pure_model_search/trials/arw-0_2-agr-0_1-c20d8fe6ccca,/n/holylfs06/LABS/mzitnik_lab/Users/yektefaie/PhylaFlow/analysis/overfit_pure_model_search/trials/arw-0_2-agr-0_1-c20d8fe6ccca/train.log,0.47101449275362317,3116.6965510845184,9.649749279022217,3126.352077484131,"{""trainer.epochs"":3000,""trainer.record"":false,""trainer.training_step_autoregressive_grad_ratio"":0.1,""trainer.training_step_autoregressive_weight"":0.2}"
baseline-tf32-arw-0_2-de2280e82019,training_failed,2026-03-09T15:35:51.754192+00:00,/n/holylfs06/LABS/mzitnik_lab/Users/yektefaie/PhylaFlow/configs/sanity_train.yaml,3000,2999,Fresh 3k baseline after enabling TF32/high matmul runtime; autoregressive_weight 0.2,ca845764bc56213239fd0c81712e3f0972d2cae2,4a26f0363216cddb19f1772e7441b3bf0e09709ae71e4ce82d5807e7e2539b34,/n/netscratch/mzitnik_lab/Lab/yektefaie/PhylaFlowCheckpoints/overfit_pure_model_search/baseline-tf32-arw-0_2-de2280e82019,,,/n/holylfs06/LABS/mzitnik_lab/Users/yektefaie/PhylaFlow/analysis/overfit_pure_model_search/trials/baseline-tf32-arw-0_2-de2280e82019,/n/holylfs06/LABS/mzitnik_lab/Users/yektefaie/PhylaFlow/analysis/overfit_pure_model_search/trials/baseline-tf32-arw-0_2-de2280e82019/train.log,,106.69920611381531,,106.69920992851257,"{""trainer.epochs"":3000,""trainer.record"":false,""trainer.training_step_autoregressive_weight"":0.2}"
arw-0_15-tf32-1b113867f2ff,training_failed,2026-03-09T15:36:09.671978+00:00,/n/holylfs06/LABS/mzitnik_lab/Users/yektefaie/PhylaFlow/configs/sanity_train.yaml,3000,2999,Intermediate autoregressive_weight 0.15 under TF32 runtime,ca845764bc56213239fd0c81712e3f0972d2cae2,4a26f0363216cddb19f1772e7441b3bf0e09709ae71e4ce82d5807e7e2539b34,/n/netscratch/mzitnik_lab/Lab/yektefaie/PhylaFlowCheckpoints/overfit_pure_model_search/arw-0_15-tf32-1b113867f2ff,,,/n/holylfs06/LABS/mzitnik_lab/Users/yektefaie/PhylaFlow/analysis/overfit_pure_model_search/trials/arw-0_15-tf32-1b113867f2ff,/n/holylfs06/LABS/mzitnik_lab/Users/yektefaie/PhylaFlow/analysis/overfit_pure_model_search/trials/arw-0_15-tf32-1b113867f2ff/train.log,,89.6794855594635,,89.67948961257935,"{""trainer.epochs"":3000,""trainer.record"":false,""trainer.training_step_autoregressive_weight"":0.15}"
arw-0_1-tf32-bfafe376e6bb,training_failed,2026-03-09T15:35:56.880510+00:00,/n/holylfs06/LABS/mzitnik_lab/Users/yektefaie/PhylaFlow/configs/sanity_train.yaml,3000,2999,Lower autoregressive_weight to 0.1 under TF32 runtime,ca845764bc56213239fd0c81712e3f0972d2cae2,4a26f0363216cddb19f1772e7441b3bf0e09709ae71e4ce82d5807e7e2539b34,/n/netscratch/mzitnik_lab/Lab/yektefaie/PhylaFlowCheckpoints/overfit_pure_model_search/arw-0_1-tf32-bfafe376e6bb,,,/n/holylfs06/LABS/mzitnik_lab/Users/yektefaie/PhylaFlow/analysis/overfit_pure_model_search/trials/arw-0_1-tf32-bfafe376e6bb,/n/holylfs06/LABS/mzitnik_lab/Users/yektefaie/PhylaFlow/analysis/overfit_pure_model_search/trials/arw-0_1-tf32-bfafe376e6bb/train.log,,102.59164905548096,,102.59165263175964,"{""trainer.epochs"":3000,""trainer.record"":false,""trainer.training_step_autoregressive_weight"":0.1}"
lr-0_0025-tf32-dc0c66992d99,training_failed,2026-03-09T15:36:23.485835+00:00,/n/holylfs06/LABS/mzitnik_lab/Users/yektefaie/PhylaFlow/configs/sanity_train.yaml,3000,2999,Halve learning rate to 0.0025 under TF32 runtime with autoregressive_weight 0.2,ca845764bc56213239fd0c81712e3f0972d2cae2,4a26f0363216cddb19f1772e7441b3bf0e09709ae71e4ce82d5807e7e2539b34,/n/netscratch/mzitnik_lab/Lab/yektefaie/PhylaFlowCheckpoints/overfit_pure_model_search/lr-0_0025-tf32-dc0c66992d99,,,/n/holylfs06/LABS/mzitnik_lab/Users/yektefaie/PhylaFlow/analysis/overfit_pure_model_search/trials/lr-0_0025-tf32-dc0c66992d99,/n/holylfs06/LABS/mzitnik_lab/Users/yektefaie/PhylaFlow/analysis/overfit_pure_model_search/trials/lr-0_0025-tf32-dc0c66992d99/train.log,,79.90469145774841,,79.90469598770142,"{""trainer.epochs"":3000,""trainer.lr"":0.0025,""trainer.record"":false,""trainer.training_step_autoregressive_weight"":0.2}"
lr-0_01-tf32-1c432a9df6c2,training_failed,2026-03-09T15:36:39.233444+00:00,/n/holylfs06/LABS/mzitnik_lab/Users/yektefaie/PhylaFlow/configs/sanity_train.yaml,3000,2999,Double learning rate to 0.01 under TF32 runtime with autoregressive_weight 0.2,ca845764bc56213239fd0c81712e3f0972d2cae2,4a26f0363216cddb19f1772e7441b3bf0e09709ae71e4ce82d5807e7e2539b34,/n/netscratch/mzitnik_lab/Lab/yektefaie/PhylaFlowCheckpoints/overfit_pure_model_search/lr-0_01-tf32-1c432a9df6c2,,,/n/holylfs06/LABS/mzitnik_lab/Users/yektefaie/PhylaFlow/analysis/overfit_pure_model_search/trials/lr-0_01-tf32-1c432a9df6c2,/n/holylfs06/LABS/mzitnik_lab/Users/yektefaie/PhylaFlow/analysis/overfit_pure_model_search/trials/lr-0_01-tf32-1c432a9df6c2/train.log,,73.51362991333008,,73.51363253593445,"{""trainer.epochs"":3000,""trainer.lr"":0.01,""trainer.record"":false,""trainer.training_step_autoregressive_weight"":0.2}"
width-128-tf32-6f32e43f6718,training_failed,2026-03-09T15:36:48.581545+00:00,/n/holylfs06/LABS/mzitnik_lab/Users/yektefaie/PhylaFlow/configs/sanity_train.yaml,3000,2999,Widen hidden_dim/embed_dim to 128 with n_heads 8 under TF32 runtime,ca845764bc56213239fd0c81712e3f0972d2cae2,4a26f0363216cddb19f1772e7441b3bf0e09709ae71e4ce82d5807e7e2539b34,/n/netscratch/mzitnik_lab/Lab/yektefaie/PhylaFlowCheckpoints/overfit_pure_model_search/width-128-tf32-6f32e43f6718,,,/n/holylfs06/LABS/mzitnik_lab/Users/yektefaie/PhylaFlow/analysis/overfit_pure_model_search/trials/width-128-tf32-6f32e43f6718,/n/holylfs06/LABS/mzitnik_lab/Users/yektefaie/PhylaFlow/analysis/overfit_pure_model_search/trials/width-128-tf32-6f32e43f6718/train.log,,66.48715782165527,,66.48716163635254,"{""model.embed_dim"":128,""model.hidden_dim"":128,""model.n_heads"":8,""trainer.epochs"":3000,""trainer.record"":false,""trainer.training_step_autoregressive_weight"":0.2}"
depth-4-tf32-308ea06ed464,training_failed,2026-03-09T15:37:01.105744+00:00,/n/holylfs06/LABS/mzitnik_lab/Users/yektefaie/PhylaFlow/configs/sanity_train.yaml,3000,2999,Increase transformer depth to 4 under TF32 runtime,ca845764bc56213239fd0c81712e3f0972d2cae2,4a26f0363216cddb19f1772e7441b3bf0e09709ae71e4ce82d5807e7e2539b34,/n/netscratch/mzitnik_lab/Lab/yektefaie/PhylaFlowCheckpoints/overfit_pure_model_search/depth-4-tf32-308ea06ed464,,,/n/holylfs06/LABS/mzitnik_lab/Users/yektefaie/PhylaFlow/analysis/overfit_pure_model_search/trials/depth-4-tf32-308ea06ed464,/n/holylfs06/LABS/mzitnik_lab/Users/yektefaie/PhylaFlow/analysis/overfit_pure_model_search/trials/depth-4-tf32-308ea06ed464/train.log,,59.73747801780701,,59.737481117248535,"{""model.n_layers"":4,""trainer.epochs"":3000,""trainer.record"":false,""trainer.training_step_autoregressive_weight"":0.2}"
tokdepth-4-tf32-e8177944ab6c,training_failed,2026-03-09T15:37:14.423725+00:00,/n/holylfs06/LABS/mzitnik_lab/Users/yektefaie/PhylaFlow/configs/sanity_train.yaml,3000,2999,Increase tokenizer depth to 4 under TF32 runtime,ca845764bc56213239fd0c81712e3f0972d2cae2,4a26f0363216cddb19f1772e7441b3bf0e09709ae71e4ce82d5807e7e2539b34,/n/netscratch/mzitnik_lab/Lab/yektefaie/PhylaFlowCheckpoints/overfit_pure_model_search/tokdepth-4-tf32-e8177944ab6c,,,/n/holylfs06/LABS/mzitnik_lab/Users/yektefaie/PhylaFlow/analysis/overfit_pure_model_search/trials/tokdepth-4-tf32-e8177944ab6c,/n/holylfs06/LABS/mzitnik_lab/Users/yektefaie/PhylaFlow/analysis/overfit_pure_model_search/trials/tokdepth-4-tf32-e8177944ab6c/train.log,,55.057037591934204,,55.057044506073,"{""model.tokenizer_n_layers"":4,""trainer.epochs"":3000,""trainer.record"":false,""trainer.training_step_autoregressive_weight"":0.2}"
velw-50-tf32-6b7c0773fb04,training_failed,2026-03-09T15:37:26.253029+00:00,/n/holylfs06/LABS/mzitnik_lab/Users/yektefaie/PhylaFlow/configs/sanity_train.yaml,3000,2999,Lower training_step_velocity_weight to 50 under TF32 runtime with autoregressive_weight 0.2,ca845764bc56213239fd0c81712e3f0972d2cae2,4a26f0363216cddb19f1772e7441b3bf0e09709ae71e4ce82d5807e7e2539b34,/n/netscratch/mzitnik_lab/Lab/yektefaie/PhylaFlowCheckpoints/overfit_pure_model_search/velw-50-tf32-6b7c0773fb04,,,/n/holylfs06/LABS/mzitnik_lab/Users/yektefaie/PhylaFlow/analysis/overfit_pure_model_search/trials/velw-50-tf32-6b7c0773fb04,/n/holylfs06/LABS/mzitnik_lab/Users/yektefaie/PhylaFlow/analysis/overfit_pure_model_search/trials/velw-50-tf32-6b7c0773fb04/train.log,,43.7158989906311,,43.715904235839844,"{""trainer.epochs"":3000,""trainer.record"":false,""trainer.training_step_autoregressive_weight"":0.2,""trainer.training_step_velocity_weight"":50}"
arw-0_1-tf32-r2-91a8c9ad05d9,training_failed,2026-03-09T15:39:54.996883+00:00,/n/holylfs06/LABS/mzitnik_lab/Users/yektefaie/PhylaFlow/configs/sanity_train.yaml,3000,2999,Retry after accidental SIGTERM; lower autoregressive_weight to 0.1 under TF32 runtime,ca845764bc56213239fd0c81712e3f0972d2cae2,4a26f0363216cddb19f1772e7441b3bf0e09709ae71e4ce82d5807e7e2539b34,/n/netscratch/mzitnik_lab/Lab/yektefaie/PhylaFlowCheckpoints/overfit_pure_model_search/arw-0_1-tf32-r2-91a8c9ad05d9,,,/n/holylfs06/LABS/mzitnik_lab/Users/yektefaie/PhylaFlow/analysis/overfit_pure_model_search/trials/arw-0_1-tf32-r2-91a8c9ad05d9,/n/holylfs06/LABS/mzitnik_lab/Users/yektefaie/PhylaFlow/analysis/overfit_pure_model_search/trials/arw-0_1-tf32-r2-91a8c9ad05d9/train.log,,33.90610432624817,,33.906107664108276,"{""trainer.epochs"":3000,""trainer.record"":false,""trainer.training_step_autoregressive_weight"":0.1}"
baseline-tf32-r2-arw-0_2-90e1b168aad0,training_failed,2026-03-09T15:39:46.627487+00:00,/n/holylfs06/LABS/mzitnik_lab/Users/yektefaie/PhylaFlow/configs/sanity_train.yaml,3000,2999,"Retry after accidental SIGTERM; fresh 3k baseline under TF32 runtime, autoregressive_weight 0.2",ca845764bc56213239fd0c81712e3f0972d2cae2,4a26f0363216cddb19f1772e7441b3bf0e09709ae71e4ce82d5807e7e2539b34,/n/netscratch/mzitnik_lab/Lab/yektefaie/PhylaFlowCheckpoints/overfit_pure_model_search/baseline-tf32-r2-arw-0_2-90e1b168aad0,,,/n/holylfs06/LABS/mzitnik_lab/Users/yektefaie/PhylaFlow/analysis/overfit_pure_model_search/trials/baseline-tf32-r2-arw-0_2-90e1b168aad0,/n/holylfs06/LABS/mzitnik_lab/Users/yektefaie/PhylaFlow/analysis/overfit_pure_model_search/trials/baseline-tf32-r2-arw-0_2-90e1b168aad0/train.log,,42.89686560630798,,42.89686989784241,"{""trainer.epochs"":3000,""trainer.record"":false,""trainer.training_step_autoregressive_weight"":0.2}"
arw-0_15-tf32-r2-f2b94c5f926c,training_failed,2026-03-09T15:40:07.313354+00:00,/n/holylfs06/LABS/mzitnik_lab/Users/yektefaie/PhylaFlow/configs/sanity_train.yaml,3000,2999,Retry after accidental SIGTERM; intermediate autoregressive_weight 0.15 under TF32 runtime,ca845764bc56213239fd0c81712e3f0972d2cae2,4a26f0363216cddb19f1772e7441b3bf0e09709ae71e4ce82d5807e7e2539b34,/n/netscratch/mzitnik_lab/Lab/yektefaie/PhylaFlowCheckpoints/overfit_pure_model_search/arw-0_15-tf32-r2-f2b94c5f926c,,,/n/holylfs06/LABS/mzitnik_lab/Users/yektefaie/PhylaFlow/analysis/overfit_pure_model_search/trials/arw-0_15-tf32-r2-f2b94c5f926c,/n/holylfs06/LABS/mzitnik_lab/Users/yektefaie/PhylaFlow/analysis/overfit_pure_model_search/trials/arw-0_15-tf32-r2-f2b94c5f926c/train.log,,29.73129391670227,,29.731297731399536,"{""trainer.epochs"":3000,""trainer.record"":false,""trainer.training_step_autoregressive_weight"":0.15}"
lr-0_0025-tf32-r2-80be3a0632ef,training_failed,2026-03-09T15:40:19.280624+00:00,/n/holylfs06/LABS/mzitnik_lab/Users/yektefaie/PhylaFlow/configs/sanity_train.yaml,3000,2999,Retry after accidental SIGTERM; halve learning rate to 0.0025 under TF32 runtime with autoregressive_weight 0.2,ca845764bc56213239fd0c81712e3f0972d2cae2,4a26f0363216cddb19f1772e7441b3bf0e09709ae71e4ce82d5807e7e2539b34,/n/netscratch/mzitnik_lab/Lab/yektefaie/PhylaFlowCheckpoints/overfit_pure_model_search/lr-0_0025-tf32-r2-80be3a0632ef,,,/n/holylfs06/LABS/mzitnik_lab/Users/yektefaie/PhylaFlow/analysis/overfit_pure_model_search/trials/lr-0_0025-tf32-r2-80be3a0632ef,/n/holylfs06/LABS/mzitnik_lab/Users/yektefaie/PhylaFlow/analysis/overfit_pure_model_search/trials/lr-0_0025-tf32-r2-80be3a0632ef/train.log,,31.08705496788025,,31.087058544158936,"{""trainer.epochs"":3000,""trainer.lr"":0.0025,""trainer.record"":false,""trainer.training_step_autoregressive_weight"":0.2}"
lr-0_01-tf32-r2-cad3af084e40,training_failed,2026-03-09T15:40:33.186795+00:00,/n/holylfs06/LABS/mzitnik_lab/Users/yektefaie/PhylaFlow/configs/sanity_train.yaml,3000,2999,Retry after accidental SIGTERM; double learning rate to 0.01 under TF32 runtime with autoregressive_weight 0.2,ca845764bc56213239fd0c81712e3f0972d2cae2,4a26f0363216cddb19f1772e7441b3bf0e09709ae71e4ce82d5807e7e2539b34,/n/netscratch/mzitnik_lab/Lab/yektefaie/PhylaFlowCheckpoints/overfit_pure_model_search/lr-0_01-tf32-r2-cad3af084e40,,,/n/holylfs06/LABS/mzitnik_lab/Users/yektefaie/PhylaFlow/analysis/overfit_pure_model_search/trials/lr-0_01-tf32-r2-cad3af084e40,/n/holylfs06/LABS/mzitnik_lab/Users/yektefaie/PhylaFlow/analysis/overfit_pure_model_search/trials/lr-0_01-tf32-r2-cad3af084e40/train.log,,30.083261966705322,,30.08326530456543,"{""trainer.epochs"":3000,""trainer.lr"":0.01,""trainer.record"":false,""trainer.training_step_autoregressive_weight"":0.2}"
width-128-tf32-r2-361dd195d6ae,training_failed,2026-03-09T15:40:46.390106+00:00,/n/holylfs06/LABS/mzitnik_lab/Users/yektefaie/PhylaFlow/configs/sanity_train.yaml,3000,2999,Retry after accidental SIGTERM; widen hidden_dim/embed_dim to 128 with n_heads 8 under TF32 runtime,ca845764bc56213239fd0c81712e3f0972d2cae2,4a26f0363216cddb19f1772e7441b3bf0e09709ae71e4ce82d5807e7e2539b34,/n/netscratch/mzitnik_lab/Lab/yektefaie/PhylaFlowCheckpoints/overfit_pure_model_search/width-128-tf32-r2-361dd195d6ae,,,/n/holylfs06/LABS/mzitnik_lab/Users/yektefaie/PhylaFlow/analysis/overfit_pure_model_search/trials/width-128-tf32-r2-361dd195d6ae,/n/holylfs06/LABS/mzitnik_lab/Users/yektefaie/PhylaFlow/analysis/overfit_pure_model_search/trials/width-128-tf32-r2-361dd195d6ae/train.log,,44.06987905502319,,44.069884061813354,"{""model.embed_dim"":128,""model.hidden_dim"":128,""model.n_heads"":8,""trainer.epochs"":3000,""trainer.record"":false,""trainer.training_step_autoregressive_weight"":0.2}"
depth-4-tf32-r2-c17de0b93dbb,training_failed,2026-03-09T15:40:55.550502+00:00,/n/holylfs06/LABS/mzitnik_lab/Users/yektefaie/PhylaFlow/configs/sanity_train.yaml,3000,2999,Retry after accidental SIGTERM; increase transformer depth to 4 under TF32 runtime,ca845764bc56213239fd0c81712e3f0972d2cae2,4a26f0363216cddb19f1772e7441b3bf0e09709ae71e4ce82d5807e7e2539b34,/n/netscratch/mzitnik_lab/Lab/yektefaie/PhylaFlowCheckpoints/overfit_pure_model_search/depth-4-tf32-r2-c17de0b93dbb,,,/n/holylfs06/LABS/mzitnik_lab/Users/yektefaie/PhylaFlow/analysis/overfit_pure_model_search/trials/depth-4-tf32-r2-c17de0b93dbb,/n/holylfs06/LABS/mzitnik_lab/Users/yektefaie/PhylaFlow/analysis/overfit_pure_model_search/trials/depth-4-tf32-r2-c17de0b93dbb/train.log,,35.45914816856384,,35.45915126800537,"{""model.n_layers"":4,""trainer.epochs"":3000,""trainer.record"":false,""trainer.training_step_autoregressive_weight"":0.2}"
tokdepth-4-tf32-r2-b236d5c12b5a,training_failed,2026-03-09T15:41:07.847768+00:00,/n/holylfs06/LABS/mzitnik_lab/Users/yektefaie/PhylaFlow/configs/sanity_train.yaml,3000,2999,Retry after accidental SIGTERM; increase tokenizer depth to 4 under TF32 runtime,ca845764bc56213239fd0c81712e3f0972d2cae2,4a26f0363216cddb19f1772e7441b3bf0e09709ae71e4ce82d5807e7e2539b34,/n/netscratch/mzitnik_lab/Lab/yektefaie/PhylaFlowCheckpoints/overfit_pure_model_search/tokdepth-4-tf32-r2-b236d5c12b5a,,,/n/holylfs06/LABS/mzitnik_lab/Users/yektefaie/PhylaFlow/analysis/overfit_pure_model_search/trials/tokdepth-4-tf32-r2-b236d5c12b5a,/n/holylfs06/LABS/mzitnik_lab/Users/yektefaie/PhylaFlow/analysis/overfit_pure_model_search/trials/tokdepth-4-tf32-r2-b236d5c12b5a/train.log,,29.131443977355957,,29.131447076797485,"{""model.tokenizer_n_layers"":4,""trainer.epochs"":3000,""trainer.record"":false,""trainer.training_step_autoregressive_weight"":0.2}"
velw-50-tf32-r2-4cd5c29186b8,training_failed,2026-03-09T15:41:19.464427+00:00,/n/holylfs06/LABS/mzitnik_lab/Users/yektefaie/PhylaFlow/configs/sanity_train.yaml,3000,2999,Retry after accidental SIGTERM; lower training_step_velocity_weight to 50 under TF32 runtime with autoregressive_weight 0.2,ca845764bc56213239fd0c81712e3f0972d2cae2,4a26f0363216cddb19f1772e7441b3bf0e09709ae71e4ce82d5807e7e2539b34,/n/netscratch/mzitnik_lab/Lab/yektefaie/PhylaFlowCheckpoints/overfit_pure_model_search/velw-50-tf32-r2-4cd5c29186b8,,,/n/holylfs06/LABS/mzitnik_lab/Users/yektefaie/PhylaFlow/analysis/overfit_pure_model_search/trials/velw-50-tf32-r2-4cd5c29186b8,/n/holylfs06/LABS/mzitnik_lab/Users/yektefaie/PhylaFlow/analysis/overfit_pure_model_search/trials/velw-50-tf32-r2-4cd5c29186b8/train.log,,28.411507844924927,,28.411513805389404,"{""trainer.epochs"":3000,""trainer.record"":false,""trainer.training_step_autoregressive_weight"":0.2,""trainer.training_step_velocity_weight"":50}"
